Date,Rainfall_Settefrati,Temperature_Settefrati,Flow_Rate_Madonna_di_Canneto
01/01/2012,0,5.25,
02/01/2012,5.6,6.65,
03/01/2012,10,8.85,
04/01/2012,0,6.75,
05/01/2012,1,5.55,
06/01/2012,5.2,5.05,
07/01/2012,0,4.3,
08/01/2012,0,5.7,
09/01/2012,0,3.15,
10/01/2012,0.2,4.4,
11/01/2012,0,4.75,
12/01/2012,0,6.7,
13/01/2012,0,5.2,
14/01/2012,0,4.3,
15/01/2012,0,2,
16/01/2012,0,-0.05,
17/01/2012,0,0.25,
18/01/2012,0,2.65,
19/01/2012,0,3.8,
20/01/2012,8.4,5.65,
21/01/2012,0,6.3,
22/01/2012,0,6.4,
23/01/2012,0,6.8,
24/01/2012,0.2,7,
25/01/2012,0,1.85,
26/01/2012,0,2,
27/01/2012,0,2.8,
28/01/2012,0,3.35,
29/01/2012,0,4.65,
30/01/2012,0,4.55,
31/01/2012,3,1.2,
01/02/2012,13.8,0.4,
02/02/2012,7.2,0.6,
03/02/2012,9.2,0.3,
04/02/2012,4.8,0.3,
05/02/2012,1.8,-0.5,
06/02/2012,5.6,-0.6,
07/02/2012,1.2,-1.1,
08/02/2012,7.8,2.05,
09/02/2012,14.8,0.8,
10/02/2012,1,-0.35,
11/02/2012,10.4,0.6,
12/02/2012,13.2,0.25,
13/02/2012,16.4,-0.55,
14/02/2012,11,-1.1,
15/02/2012,1.2,-1.3,
16/02/2012,0,2.9,
17/02/2012,0,2,
18/02/2012,0,4.75,
19/02/2012,2.8,4.9,
20/02/2012,8.8,5.4,
21/02/2012,0.2,7.2,
22/02/2012,0,7.35,
23/02/2012,0,8.65,
24/02/2012,0,9.8,
25/02/2012,0,11.05,
26/02/2012,0,8.25,
27/02/2012,2.2,3.7,
28/02/2012,0,5.15,
29/02/2012,0,9.75,
01/03/2012,0,13.25,
02/03/2012,0,12.35,
03/03/2012,0,9.8,
04/03/2012,0,8.25,
05/03/2012,8.8,9.25,
06/03/2012,7.6,5.55,
07/03/2012,0,6.05,
08/03/2012,0,5.35,
09/03/2012,0,7.5,
10/03/2012,0,9.2,
11/03/2012,0,9.15,
12/03/2012,0,8.35,
13/03/2012,0,9.15,
14/03/2012,0,9.25,
15/03/2012,0,11.75,
16/03/2012,0,12.65,
17/03/2012,0,11.55,
18/03/2012,0,12.25,
19/03/2012,0,12.2,
20/03/2012,0,14.1,
21/03/2012,0,15.2,
22/03/2012,0,15.5,
23/03/2012,0,14.3,
24/03/2012,0,12.95,
25/03/2012,0,12.05,
26/03/2012,0,13.3,
27/03/2012,0,12.8,
28/03/2012,0,14,
29/03/2012,0,13.9,
30/03/2012,0,12.05,
31/03/2012,0,12.35,
01/04/2012,0,11.6,
02/04/2012,0.2,13.2,
03/04/2012,0.4,15.7,
04/04/2012,0,16.05,
05/04/2012,38.6,12.3,
06/04/2012,0.2,12.9,
07/04/2012,5.6,8.75,
08/04/2012,19.4,8,
09/04/2012,0.2,6.25,
10/04/2012,0,8.7,
11/04/2012,12.6,7.45,
12/04/2012,0.2,9.65,
13/04/2012,14.8,8.45,
14/04/2012,19.4,9.25,
15/04/2012,9.4,9.15,
16/04/2012,8.2,9.4,
17/04/2012,2.2,8.65,
18/04/2012,3,8.75,
19/04/2012,13,9.35,
20/04/2012,21,7.2,
21/04/2012,0.4,9.9,
22/04/2012,5.2,11.25,
23/04/2012,10,9.8,
24/04/2012,3.6,10.8,
25/04/2012,0,10.75,
26/04/2012,0,13.35,
27/04/2012,0,18.65,
28/04/2012,0,21.65,
29/04/2012,0,18.3,
30/04/2012,0,18.95,
01/05/2012,0.4,18.8,
02/05/2012,0,16.65,
03/05/2012,0,14.95,
04/05/2012,0,13.7,
05/05/2012,0,13.35,
06/05/2012,2.4,12.2,
07/05/2012,5.6,13,
08/05/2012,0.2,14.7,
09/05/2012,0,15.95,
10/05/2012,0,18.2,
11/05/2012,0,19.5,
12/05/2012,0,20.35,
13/05/2012,0,19.3,
14/05/2012,14.4,10.05,
15/05/2012,0,10.85,
16/05/2012,6.6,11.3,
17/05/2012,0,10.7,
18/05/2012,0,11.85,
19/05/2012,0,16,
20/05/2012,0.4,17,
21/05/2012,10.6,13.3,
22/05/2012,8,10.5,
23/05/2012,0.8,12.3,
24/05/2012,0.2,17,
25/05/2012,0,19.05,
26/05/2012,17.6,14.45,
27/05/2012,0.2,14.5,
28/05/2012,7,12.75,
29/05/2012,0.6,14.35,
30/05/2012,4.8,17.55,
31/05/2012,17.2,17.35,
01/06/2012,0,17.15,
02/06/2012,0,18.25,
03/06/2012,0,19.3,
04/06/2012,4,16,
05/06/2012,0.2,15.95,
06/06/2012,0,17.85,
07/06/2012,0,19.35,
08/06/2012,0,22.95,
09/06/2012,0,22.1,
10/06/2012,0,20.1,
11/06/2012,0,18.45,
12/06/2012,0,17.8,
13/06/2012,0,16.4,
14/06/2012,0,17.95,
15/06/2012,0,20.85,
16/06/2012,0,23.8,
17/06/2012,0,25.5,
18/06/2012,0,25.85,
19/06/2012,0,26.55,
20/06/2012,0,26.7,
21/06/2012,0,25.95,
22/06/2012,0,25.45,
23/06/2012,0,26,
24/06/2012,0,25.05,
25/06/2012,0,23.55,
26/06/2012,1.6,24.15,
27/06/2012,5.6,23.25,
28/06/2012,0.4,24.1,
29/06/2012,0,25.65,
30/06/2012,0,27,
01/07/2012,0,28.5,
02/07/2012,0,27.15,
03/07/2012,0,24.4,
04/07/2012,0,23.3,
05/07/2012,0,23.65,
06/07/2012,0,23.45,
07/07/2012,0,24.15,
08/07/2012,0,25.45,
09/07/2012,0,26.55,
10/07/2012,0,26.95,
11/07/2012,0,26,
12/07/2012,0.2,23.8,
13/07/2012,0,24,
14/07/2012,0,24.95,
15/07/2012,0,25.8,
16/07/2012,0,22.65,
17/07/2012,0,23.05,
18/07/2012,0,24.25,
19/07/2012,0,25.55,
20/07/2012,0,25.9,
21/07/2012,0,25.15,
22/07/2012,0.4,23,
23/07/2012,22,17.5,
24/07/2012,31.2,19.3,
25/07/2012,2.2,19.4,
26/07/2012,0.2,21.8,
27/07/2012,0,24.95,
28/07/2012,0,26.95,
29/07/2012,0,26.2,
30/07/2012,0,25.8,
31/07/2012,0,25.35,
01/08/2012,0,26.2,
02/08/2012,0.4,25.7,
03/08/2012,0,25.5,
04/08/2012,0,25.85,
05/08/2012,0,26.45,
06/08/2012,0,27.25,
07/08/2012,0,29.9,
08/08/2012,0,27.45,
09/08/2012,0,26.4,
10/08/2012,8.2,24.35,
11/08/2012,0,21.55,
12/08/2012,0,21.85,
13/08/2012,0,23.45,
14/08/2012,15.9,24.2,
15/08/2012,0,24.7,
16/08/2012,0,24.3,
17/08/2012,0,25.4,
18/08/2012,0,27.05,
19/08/2012,0,26.6,
20/08/2012,0,27.05,
21/08/2012,0,27.3,
22/08/2012,2.8,27.85,
23/08/2012,0.4,27.25,
24/08/2012,0,26.35,
25/08/2012,0,24.8,
26/08/2012,0.2,23.6,
27/08/2012,0,23.15,
28/08/2012,0,22.2,
29/08/2012,0,23.65,
30/08/2012,0,24.55,
31/08/2012,0,23.6,
01/09/2012,0,17.5,
02/09/2012,0,19.35,
03/09/2012,13.9,18.45,
04/09/2012,5.8,17.25,
05/09/2012,4.6,18.2,
06/09/2012,5.4,19.95,
07/09/2012,0,20.3,
08/09/2012,0,20.75,
09/09/2012,1.7,20.6,
10/09/2012,2.4,20.35,
11/09/2012,0.2,19.8,
12/09/2012,0.2,20,
13/09/2012,26,15.95,
14/09/2012,18,15,
15/09/2012,0,16,
16/09/2012,0,17.35,
17/09/2012,0,17.05,
18/09/2012,0,17.7,
19/09/2012,6.8,17.55,
20/09/2012,0.8,16.55,
21/09/2012,0,15.4,
22/09/2012,0,17.35,
23/09/2012,0,19.85,
24/09/2012,0,20.75,
25/09/2012,0,18.7,
26/09/2012,1.4,19.9,
27/09/2012,0,21.2,
28/09/2012,0,23.05,
29/09/2012,0,24.6,
30/09/2012,9.3,18.45,
01/10/2012,0,20.15,
02/10/2012,0,17.3,
03/10/2012,0,16.55,
04/10/2012,0,16.2,
05/10/2012,0,16.55,
06/10/2012,0,17.5,
07/10/2012,0,16.2,
08/10/2012,0,17.7,
09/10/2012,5.8,15.3,
10/10/2012,0,16.75,
11/10/2012,0,17.35,
12/10/2012,19.3,15.6,
13/10/2012,6.8,14.55,
14/10/2012,0,14.8,
15/10/2012,51,14.9,
16/10/2012,2.2,12.7,
17/10/2012,0,13.4,
18/10/2012,0,16.05,
19/10/2012,0,17.45,
20/10/2012,0,18.6,
21/10/2012,0,18.95,
22/10/2012,0,18.65,
23/10/2012,0,17.3,
24/10/2012,0,16.15,
25/10/2012,0,15.55,
26/10/2012,29.5,13.75,
27/10/2012,75.8,12.2,
28/10/2012,17.8,6.35,
29/10/2012,11.2,5.25,
30/10/2012,1,6.6,
31/10/2012,51.5,9.5,
01/11/2012,9.4,11.45,
02/11/2012,0.4,12.25,
03/11/2012,0,10.85,
04/11/2012,27.9,12.55,
05/11/2012,14,13.6,
06/11/2012,0,11.15,
07/11/2012,4.4,8.55,
08/11/2012,0,8.85,
09/11/2012,0,9.95,
10/11/2012,0,12.25,
11/11/2012,0.6,14.6,
12/11/2012,1,16.25,
13/11/2012,0,16.35,
14/11/2012,0,13.6,
15/11/2012,0,10.4,
16/11/2012,0,9.7,
17/11/2012,0,10.7,
18/11/2012,18.5,11.35,
19/11/2012,6.2,10.95,
20/11/2012,1.4,9.55,
21/11/2012,0,11.55,
22/11/2012,0,11.65,
23/11/2012,0,11.55,
24/11/2012,0,10.6,
25/11/2012,0,10.2,
26/11/2012,0,9.4,
27/11/2012,1.8,9.2,
28/11/2012,39.9,10.35,
29/11/2012,49.7,6.25,
30/11/2012,6.2,6.05,
01/12/2012,7.4,5.5,
02/12/2012,13.8,6.15,
03/12/2012,2.4,2.95,
04/12/2012,17.8,3.4,
05/12/2012,0.2,3.9,
06/12/2012,5.4,2.05,
07/12/2012,11,2.25,
08/12/2012,15.2,2.3,
09/12/2012,0,-0.6,
10/12/2012,16.6,0,
11/12/2012,0,2.35,
12/12/2012,0,0.75,
13/12/2012,0,0.85,
14/12/2012,24.4,5.15,
15/12/2012,9,8.5,
16/12/2012,0.6,9.5,
17/12/2012,15,6.65,
18/12/2012,0.2,5.4,
19/12/2012,0,4.95,
20/12/2012,0,3.55,
21/12/2012,13.2,3.2,
22/12/2012,0.2,5.65,
23/12/2012,0,5.8,
24/12/2012,0,7.9,
25/12/2012,0,6.1,
26/12/2012,0,8.6,
27/12/2012,0.2,8.7,
28/12/2012,0,9,
29/12/2012,0,6.25,
30/12/2012,0,6.05,
31/12/2012,0,6.7,
01/01/2013,0,5.7,
02/01/2013,2.4,6.2,
03/01/2013,0,8.3,
04/01/2013,0,7.35,
05/01/2013,0,8.85,
06/01/2013,0,7.95,
07/01/2013,0,7.9,
08/01/2013,0,6.05,
09/01/2013,0,6.9,
10/01/2013,0,6.2,
11/01/2013,10.8,6,
12/01/2013,0.6,4.95,
13/01/2013,19.8,5.15,
14/01/2013,55.3,4.8,
15/01/2013,4,3.95,
16/01/2013,14.4,1.6,
17/01/2013,12.6,1.95,
18/01/2013,8.6,0.65,
19/01/2013,23.6,1.15,
20/01/2013,65.9,7.5,
21/01/2013,26,4.7,
22/01/2013,6,2.45,
23/01/2013,17.8,2.8,
24/01/2013,3.6,4.2,
25/01/2013,0.2,4.55,
26/01/2013,0,2.5,
27/01/2013,0,2.25,
28/01/2013,6.6,2.15,
29/01/2013,0,5.3,
30/01/2013,0,6.3,
31/01/2013,0,9.05,
01/02/2013,0,7.95,
02/02/2013,22.4,5.55,
03/02/2013,9.8,3.05,
04/02/2013,0,2.85,
05/02/2013,5,4.7,
06/02/2013,7.2,3.05,
07/02/2013,8.6,1.9,
08/02/2013,7.2,2.15,
09/02/2013,0.6,0.4,
10/02/2013,0,0.2,
11/02/2013,42.2,0.3,
12/02/2013,14.6,2.6,
13/02/2013,0,3.6,
14/02/2013,0,4.6,
15/02/2013,0,3.55,
16/02/2013,0,5.8,
17/02/2013,1.2,4.7,
18/02/2013,0.4,3.15,
19/02/2013,0.2,2.9,
20/02/2013,0,3.6,
21/02/2013,0,3.8,
22/02/2013,17.2,4.35,
23/02/2013,33.4,4.05,
24/02/2013,6.2,2.65,
25/02/2013,0.2,4.45,
26/02/2013,0.2,4.25,
27/02/2013,0,5.1,
28/02/2013,0,6.5,
01/03/2013,0,6.2,
02/03/2013,0,5.4,
03/03/2013,0,6.65,
04/03/2013,0,7.75,
05/03/2013,1.4,8.6,
06/03/2013,25.8,10.1,
07/03/2013,16.4,10.05,
08/03/2013,10.7,8.9,
09/03/2013,1.2,10.1,
10/03/2013,16.8,10.15,
11/03/2013,30.6,7.95,
12/03/2013,29.6,6.7,
13/03/2013,27.4,5.05,
14/03/2013,0.6,5.25,
15/03/2013,4,2,
16/03/2013,0,2,
17/03/2013,0.4,4.25,
18/03/2013,27.3,6.55,
19/03/2013,0,7.15,
20/03/2013,10.6,7.45,
21/03/2013,2.4,7.6,
22/03/2013,0,8.75,
23/03/2013,0,9.4,
24/03/2013,0,13.6,
25/03/2013,34.6,9.15,
26/03/2013,7.4,7,
27/03/2013,0.2,8.25,
28/03/2013,3.8,7.2,
29/03/2013,3,12,
30/03/2013,21.1,9.35,
31/03/2013,26.2,6.8,
01/04/2013,4.4,8.45,
02/04/2013,45.6,7,
03/04/2013,8.6,6.9,
04/04/2013,0,9.25,
05/04/2013,1.6,10.65,
06/04/2013,0,11.65,
07/04/2013,0,11.1,
08/04/2013,0,9.2,
09/04/2013,3.2,9.8,
10/04/2013,0,12.15,
11/04/2013,0,11.75,
12/04/2013,0,12.75,
13/04/2013,0,13.25,
14/04/2013,0,14.95,
15/04/2013,0,16.05,
16/04/2013,0,15.15,
17/04/2013,0,15.7,
18/04/2013,0,16.45,
19/04/2013,0,17.55,
20/04/2013,0,13.4,
21/04/2013,0,10.4,
22/04/2013,6.6,8.65,
23/04/2013,0,11.05,
24/04/2013,0,15.65,
25/04/2013,0,18.25,
26/04/2013,17,17.75,
27/04/2013,4.8,11.95,
28/04/2013,0,15.65,
29/04/2013,0,20.75,
30/04/2013,0.2,21.2,
01/05/2013,0,21.9,
02/05/2013,3,17.65,
03/05/2013,11.3,18.3,
04/05/2013,0,19,
05/05/2013,3.6,17.4,
06/05/2013,19.1,15.1,
07/05/2013,8.2,13.5,
08/05/2013,0.2,13.6,
09/05/2013,0,15.95,
10/05/2013,1,16.6,
11/05/2013,0,15.3,
12/05/2013,10.5,14.35,
13/05/2013,0,14.15,
14/05/2013,0,14.6,
15/05/2013,0,15.4,
16/05/2013,10.8,16.45,
17/05/2013,0.6,13.7,
18/05/2013,0,16.2,
19/05/2013,0,14,
20/05/2013,0,13.35,
21/05/2013,10.2,14.9,
22/05/2013,4.9,16.9,
23/05/2013,7.6,13.55,
24/05/2013,4,11.35,
25/05/2013,11,8.05,
26/05/2013,2.8,9.6,
27/05/2013,0,11.6,
28/05/2013,0,15.15,
29/05/2013,10.7,11.85,
30/05/2013,10,9.75,
31/05/2013,19.8,8.7,
01/06/2013,8.2,9.5,
02/06/2013,4.8,12.8,
03/06/2013,10.2,13.85,
04/06/2013,10.8,13.55,
05/06/2013,7.3,14,
06/06/2013,2.6,16.3,
07/06/2013,0.8,18.7,
08/06/2013,0,18,
09/06/2013,0,18.8,
10/06/2013,0.2,16.1,
11/06/2013,1.4,15.8,
12/06/2013,0,17.7,
13/06/2013,0,19.25,
14/06/2013,0,20.2,
15/06/2013,0,21.9,
16/06/2013,0,22.2,
17/06/2013,0,24.5,
18/06/2013,3.6,25.9,
19/06/2013,0,24.95,
20/06/2013,0,24.9,
21/06/2013,0,24.15,
22/06/2013,0,22.25,
23/06/2013,0,21.75,
24/06/2013,0,18.7,
25/06/2013,6.3,17.45,
26/06/2013,3.6,18,
27/06/2013,1,16.2,
28/06/2013,0.6,17.5,
29/06/2013,0,16.05,
30/06/2013,0,17.2,
01/07/2013,0,19,
02/07/2013,0,20.9,
03/07/2013,0,20.95,
04/07/2013,2.2,17.4,
05/07/2013,0,21.1,
06/07/2013,0,22.2,
07/07/2013,1.8,21.35,
08/07/2013,4.6,20.2,
09/07/2013,2.6,20.4,
10/07/2013,5.4,20.1,
11/07/2013,9.5,20.9,
12/07/2013,1.6,20.6,
13/07/2013,5.8,22.15,
14/07/2013,17.2,21.05,
15/07/2013,0,21.05,
16/07/2013,0,14.8,
17/07/2013,0,22.2,
18/07/2013,12.9,21.3,
19/07/2013,4,20.75,
20/07/2013,0,20.75,
21/07/2013,1.6,21.75,
22/07/2013,34.6,22.15,
23/07/2013,0,22.4,
24/07/2013,0.6,23.2,
25/07/2013,0,23.2,
26/07/2013,0,24.65,
27/07/2013,7.8,25.7,
28/07/2013,0,25.9,
29/07/2013,0,26.35,
30/07/2013,0,22.9,
31/07/2013,0,23.1,
01/08/2013,0,23.05,
02/08/2013,0,23.9,
03/08/2013,0,26,
04/08/2013,0,27.15,
05/08/2013,0,27.85,
06/08/2013,0,28.25,
07/08/2013,0,27.95,
08/08/2013,0,28.75,
09/08/2013,6.5,22.35,
10/08/2013,0,21.15,
11/08/2013,4,22.45,
12/08/2013,0,23.15,
13/08/2013,1.6,23.5,
14/08/2013,0.6,23.3,
15/08/2013,0,22.55,
16/08/2013,10.7,23.2,
17/08/2013,0,23.3,
18/08/2013,0,23.4,
19/08/2013,0,23.65,
20/08/2013,8.1,19.5,
21/08/2013,0,21,
22/08/2013,0,22.25,
23/08/2013,0,23.05,
24/08/2013,0,21.75,
25/08/2013,3.8,19.15,
26/08/2013,0,21.75,
27/08/2013,52.5,19.3,
28/08/2013,0.2,18.85,
29/08/2013,0,19.9,
30/08/2013,0,20.2,
31/08/2013,0,20.25,
01/09/2013,0,20.05,
02/09/2013,0.6,20.5,
03/09/2013,0,21.15,
04/09/2013,0,21.9,
05/09/2013,0,21.65,
06/09/2013,0.4,22.5,
07/09/2013,9.8,22.2,
08/09/2013,0,22.15,
09/09/2013,5,19.3,
10/09/2013,5.8,17.9,
11/09/2013,3.6,17.9,
12/09/2013,2.2,16.35,
13/09/2013,2.4,16.3,
14/09/2013,0,16.9,
15/09/2013,23,15.75,
16/09/2013,0.4,17,
17/09/2013,0,15.8,
18/09/2013,0,16,
19/09/2013,0,17.9,
20/09/2013,0,18.35,
21/09/2013,6.1,19.1,
22/09/2013,0.2,16.25,
23/09/2013,0,15.2,
24/09/2013,0,17.3,
25/09/2013,0,16.65,
26/09/2013,0,16.95,
27/09/2013,0,18,
28/09/2013,0,18.65,
29/09/2013,11.8,18.75,
30/09/2013,23.3,16.55,
01/10/2013,0.2,16.25,
02/10/2013,0,15.55,
03/10/2013,0.2,13.95,
04/10/2013,0,14.5,
05/10/2013,46,14.2,
06/10/2013,28.8,17.95,
07/10/2013,0.2,16.25,
08/10/2013,29.3,14.05,
09/10/2013,3,14,
10/10/2013,1.4,13.15,
11/10/2013,3,15.15,
12/10/2013,1,14.75,
13/10/2013,0,16.85,
14/10/2013,0.2,16.8,
15/10/2013,0,15.8,
16/10/2013,3,14.65,
17/10/2013,0,14.25,
18/10/2013,0,15.4,
19/10/2013,0,15.7,
20/10/2013,0,15.5,
21/10/2013,0,17.4,
22/10/2013,0,18.05,
23/10/2013,0,17.55,
24/10/2013,0,15.05,
25/10/2013,0,17.05,
26/10/2013,0,17.45,
27/10/2013,0,15.7,
28/10/2013,0,15.7,
29/10/2013,0,17.25,
30/10/2013,0,15.9,
31/10/2013,0,15.75,
01/11/2013,0,15.25,
02/11/2013,0.4,13.6,
03/11/2013,1.6,13.8,
04/11/2013,4.3,14.95,
05/11/2013,31.5,10.95,
06/11/2013,0,11.5,
07/11/2013,0,14.35,
08/11/2013,0.2,13.55,
09/11/2013,0,13.95,
10/11/2013,40.4,10.85,
11/11/2013,19,7.5,
12/11/2013,15,10.15,
13/11/2013,6.2,11.3,
14/11/2013,4.2,12.5,
15/11/2013,1.6,11.15,
16/11/2013,0,12.3,
17/11/2013,0,12.2,
18/11/2013,0,10.95,
19/11/2013,54.1,10.35,
20/11/2013,25.6,7.9,
21/11/2013,11.6,6.35,
22/11/2013,33.4,5.85,
23/11/2013,22.4,3.75,
24/11/2013,0.6,4.7,
25/11/2013,0,4.8,
26/11/2013,2,-0.15,
27/11/2013,2,0.75,
28/11/2013,0.6,0.8,
29/11/2013,0,5.35,
30/11/2013,0,5.5,
01/12/2013,4.8,9.8,
02/12/2013,24,10.8,
03/12/2013,0,8.1,
04/12/2013,0,7.05,
05/12/2013,0,6.85,
06/12/2013,0,4.7,
07/12/2013,0,6.15,
08/12/2013,0,7.1,
09/12/2013,1,7.45,
10/12/2013,0,8.3,
11/12/2013,0,7.55,
12/12/2013,0,6.9,
13/12/2013,0,6,
14/12/2013,0,5.4,
15/12/2013,0,6.25,
16/12/2013,0,6.2,
17/12/2013,0,7.9,
18/12/2013,0,6.7,
19/12/2013,0,5.05,
20/12/2013,0,7.55,
21/12/2013,0,8.85,
22/12/2013,0,6.7,
23/12/2013,0,6.2,
24/12/2013,0,6.1,
25/12/2013,0,5.35,
26/12/2013,97.8,6.1,
27/12/2013,0,4.85,
28/12/2013,0.2,6.55,
29/12/2013,0.2,7.45,
30/12/2013,8.2,6.4,
31/12/2013,0.2,7,
01/01/2014,0,6.95,
02/01/2014,0,6.7,
03/01/2014,3.6,8.6,
04/01/2014,10.1,7.85,
05/01/2014,27.6,5.85,
06/01/2014,0.2,6.5,
07/01/2014,0,8.1,
08/01/2014,0,8.35,
09/01/2014,0,7.55,
10/01/2014,0,4.55,
11/01/2014,0.2,6.8,
12/01/2014,0,6.85,
13/01/2014,0,8.1,
14/01/2014,20,6.05,
15/01/2014,0.8,6.65,
16/01/2014,0.2,5.4,
17/01/2014,4,6.65,
18/01/2014,0.6,9,
19/01/2014,29.3,8.4,
20/01/2014,34.2,6.25,
21/01/2014,6,6.85,
22/01/2014,4.2,6.15,
23/01/2014,1.8,4.85,
24/01/2014,35.8,4.5,
25/01/2014,0.2,3.3,
26/01/2014,0,1.45,
27/01/2014,13.6,1.8,
28/01/2014,0,4.15,
29/01/2014,11,2.15,
30/01/2014,20.4,7,
31/01/2014,29.2,10.25,
01/02/2014,14.2,10.6,
02/02/2014,14,8.3,
03/02/2014,12,6.6,
04/02/2014,7.4,7.7,
05/02/2014,1,5.65,
06/02/2014,13.2,7.45,
07/02/2014,0,7.2,
08/02/2014,10.4,8,
09/02/2014,28.8,5,
10/02/2014,15.2,5.95,
11/02/2014,16.5,10.6,
12/02/2014,8,6.6,
13/02/2014,0.2,5.75,
14/02/2014,0.6,9.1,
15/02/2014,0,9.65,
16/02/2014,0,11.4,
17/02/2014,0,12.4,
18/02/2014,0,13.95,
19/02/2014,0,10.95,
20/02/2014,0.4,8.8,
21/02/2014,6.8,7.05,
22/02/2014,4.8,7.35,
23/02/2014,0.2,5.95,
24/02/2014,0,4.9,
25/02/2014,0,6.9,
26/02/2014,0,6.3,
27/02/2014,2.2,8.75,
28/02/2014,5.6,5.6,
01/03/2014,38.6,2.95,
02/03/2014,6.4,3.55,
03/03/2014,0.6,5.3,
04/03/2014,21.2,4.3,
05/03/2014,0,6.2,
06/03/2014,0,8.4,
07/03/2014,0,9.3,
08/03/2014,0,6.75,
09/03/2014,0,8.4,
10/03/2014,0,6.25,
11/03/2014,0,5.25,
12/03/2014,0,7.6,
13/03/2014,0,10.2,
14/03/2014,0,10.4,
15/03/2014,0,10.45,
16/03/2014,0,11.2,
17/03/2014,0,13.2,
18/03/2014,0,12.25,
19/03/2014,0,10.5,
20/03/2014,0,13.75,
21/03/2014,0,13.45,
22/03/2014,3.4,10.05,
23/03/2014,7.6,7.55,
24/03/2014,14.8,3,
25/03/2014,2,5.35,
26/03/2014,1.6,6.05,
27/03/2014,13.8,6.3,
28/03/2014,0.4,7.9,
29/03/2014,0,11.2,
30/03/2014,0,12,
31/03/2014,0,11.85,
01/04/2014,0,11.4,
02/04/2014,0,11.4,
03/04/2014,0,12.95,
04/04/2014,35.6,10.85,
05/04/2014,2,11.1,
06/04/2014,0,12.4,
07/04/2014,0,14.15,
08/04/2014,0.2,14.7,
09/04/2014,3.9,11,
10/04/2014,0.2,10,
11/04/2014,39.6,12.45,
12/04/2014,2.4,10.65,
13/04/2014,1.2,12.05,
14/04/2014,0,11.65,
15/04/2014,25.2,8.9,
16/04/2014,3.4,6.25,
17/04/2014,2.6,6.05,
18/04/2014,0,8.1,
19/04/2014,13,7.85,
20/04/2014,12.6,13.05,
21/04/2014,0,14.05,
22/04/2014,0.4,13.45,
23/04/2014,4.4,12.1,
24/04/2014,0,12.35,
25/04/2014,0,14.3,
26/04/2014,1.6,13.3,
27/04/2014,33.5,10.25,
28/04/2014,9,9.3,
29/04/2014,4,8.85,
30/04/2014,8.2,10.85,
01/05/2014,8.8,11.75,
02/05/2014,27.4,10.25,
03/05/2014,13.2,10.65,
04/05/2014,0.2,10.45,
05/05/2014,0,10.65,
06/05/2014,0,13.4,
07/05/2014,0,13.8,
08/05/2014,0,14.7,
09/05/2014,0,15.65,
10/05/2014,0,16.85,
11/05/2014,0,16.3,
12/05/2014,0,15.95,
13/05/2014,0.8,14.25,
14/05/2014,4.1,9.8,
15/05/2014,1,11.95,
16/05/2014,0.8,9.75,
17/05/2014,3,11.15,
18/05/2014,0.2,13.2,
19/05/2014,0.2,14.85,
20/05/2014,0,15.9,
21/05/2014,0,17.35,
22/05/2014,0,19.5,
23/05/2014,2.4,17.9,
24/05/2014,0.4,18.55,
25/05/2014,7.5,18.9,
26/05/2014,5.4,17.45,
27/05/2014,0,14.15,
28/05/2014,3.8,14.85,
29/05/2014,2,14.1,
30/05/2014,40,14.55,
31/05/2014,17.6,13.35,
01/06/2014,0,12.55,
02/06/2014,0,14.5,
03/06/2014,0,15.7,
04/06/2014,0.2,16.7,
05/06/2014,0,17.75,
06/06/2014,0,19.35,
07/06/2014,0,21.05,
08/06/2014,0,23,
09/06/2014,0,22.9,
10/06/2014,0,23.25,
11/06/2014,12.1,23.75,
12/06/2014,6.7,23.5,
13/06/2014,15.2,22.3,
14/06/2014,8.4,19.3,
15/06/2014,10.1,17.8,
16/06/2014,29.4,15.55,
17/06/2014,3,17.5,
18/06/2014,8.9,15.75,
19/06/2014,31.1,15.95,
20/06/2014,0,16.25,
21/06/2014,0,18.65,
22/06/2014,0,19.7,
23/06/2014,0.2,21.65,
24/06/2014,0,22.25,
25/06/2014,9.2,19.7,
26/06/2014,3.2,17.85,
27/06/2014,3.9,18.9,
28/06/2014,0.2,20.65,
29/06/2014,0,20.6,
30/06/2014,4.9,20.3,
01/07/2014,0,20.15,
02/07/2014,0,20.1,
03/07/2014,0,21.5,
04/07/2014,0,23.6,
05/07/2014,0,22.35,
06/07/2014,0,22.2,
07/07/2014,0,22.5,
08/07/2014,0,20.8,
09/07/2014,0,17.4,
10/07/2014,30,13.25,
11/07/2014,3.7,15.85,
12/07/2014,1.8,18.15,
13/07/2014,1.8,16.2,
14/07/2014,0,18.05,
15/07/2014,0.4,18.15,
16/07/2014,1.8,20.7,
17/07/2014,15.8,21.95,
18/07/2014,0.2,21.4,
19/07/2014,0,22.2,
20/07/2014,0,23.7,
21/07/2014,7.2,19.1,
22/07/2014,1.6,18.3,
23/07/2014,0,18.6,
24/07/2014,10.4,19.95,
25/07/2014,0.2,20.3,
26/07/2014,7.2,19.7,
27/07/2014,10.5,19.95,
28/07/2014,0,19.25,
29/07/2014,0,20.15,
30/07/2014,25.3,16.15,
31/07/2014,0.2,17,
01/08/2014,0.6,20.25,
02/08/2014,0.2,21.7,
03/08/2014,1,21.9,
04/08/2014,0,22.6,
05/08/2014,0,21.95,
06/08/2014,0,21.4,
07/08/2014,1,20.5,
08/08/2014,1.2,21.55,
09/08/2014,0.2,22.7,
10/08/2014,0,23.75,
11/08/2014,0,24.35,
12/08/2014,0,23.9,
13/08/2014,0,23.85,
14/08/2014,0,20.4,
15/08/2014,0,18.2,
16/08/2014,0,18.7,
17/08/2014,0,19.2,
18/08/2014,0,19.45,
19/08/2014,0,19.85,
20/08/2014,0.2,21.65,
21/08/2014,0,22.9,
22/08/2014,0,22.35,
23/08/2014,0,21.7,
24/08/2014,0,19.9,
25/08/2014,0,19.7,
26/08/2014,0,20.1,
27/08/2014,0,21.3,
28/08/2014,0,23.1,
29/08/2014,30.7,22.9,
30/08/2014,1.2,22.1,
31/08/2014,0.4,21.7,
01/09/2014,29.6,15.4,
02/09/2014,3,17.7,
03/09/2014,13.2,16.7,
04/09/2014,32.5,17.35,
05/09/2014,44.1,18.95,
06/09/2014,14,18.85,
07/09/2014,8.4,19,
08/09/2014,4,20.15,
09/09/2014,0.2,19.9,
10/09/2014,7.9,20.05,
11/09/2014,16.9,16.55,
12/09/2014,4.7,17.75,
13/09/2014,4,17.95,
14/09/2014,0.2,17.4,
15/09/2014,0,18,
16/09/2014,5,17.75,
17/09/2014,0.2,18.15,
18/09/2014,0,18.75,
19/09/2014,0,21.1,
20/09/2014,0,22.4,
21/09/2014,0,21.2,
22/09/2014,0,20.5,
23/09/2014,0,17.05,
24/09/2014,0,16.35,
25/09/2014,1,17.4,
26/09/2014,0.2,16.55,
27/09/2014,0,16.45,
28/09/2014,0,16.05,
29/09/2014,0,16.7,
30/09/2014,0,16.95,
01/10/2014,0,17.45,
02/10/2014,5,17.05,
03/10/2014,0.2,16.3,
04/10/2014,5.2,16.3,
05/10/2014,0.2,16.15,
06/10/2014,0,15.95,
07/10/2014,0,16.15,
08/10/2014,0,16.9,
09/10/2014,0,18.45,
10/10/2014,0,19.6,
11/10/2014,0,19.35,
12/10/2014,0,18.05,
13/10/2014,0,18.95,
14/10/2014,0,19.7,
15/10/2014,0.6,20,
16/10/2014,1.2,18.45,
17/10/2014,1,18.1,
18/10/2014,0,18.1,
19/10/2014,0,19.05,
20/10/2014,0.2,18.05,
21/10/2014,0,16.65,
22/10/2014,0.8,13.05,
23/10/2014,0.2,7.4,
24/10/2014,0.4,9,
25/10/2014,0,10.95,
26/10/2014,0,10.85,
27/10/2014,0,9.6,
28/10/2014,0,9.2,
29/10/2014,0,10.95,
30/10/2014,0.2,11.6,
31/10/2014,0,11.4,
01/11/2014,0,11.4,
02/11/2014,0,11.55,
03/11/2014,0,11.55,
04/11/2014,64.3,10.3,
05/11/2014,93.6,13.1,
06/11/2014,28.6,14.1,
07/11/2014,17.2,13.3,
08/11/2014,0,13.3,
09/11/2014,0,12.6,
10/11/2014,0,13.25,
11/11/2014,0,13.1,
12/11/2014,8.8,11.9,
13/11/2014,3,10.35,
14/11/2014,0.4,11.6,
15/11/2014,12.3,11.1,
16/11/2014,18.2,10.8,
17/11/2014,21.7,10.45,
18/11/2014,10,9.9,
19/11/2014,6.7,9.85,
20/11/2014,0,9.2,
21/11/2014,0,9.05,
22/11/2014,0,10.15,
23/11/2014,0,11.35,
24/11/2014,0,11.65,
25/11/2014,0,11.95,
26/11/2014,1.4,10.6,
27/11/2014,1.2,11.1,
28/11/2014,0,12.85,
29/11/2014,15.7,13.9,
30/11/2014,0.4,15.8,
01/12/2014,23.8,12.75,
02/12/2014,21.8,8.3,
03/12/2014,25.3,9.95,
04/12/2014,12.4,9.7,
05/12/2014,4.8,8.15,
06/12/2014,0.8,8.6,
07/12/2014,2,7.45,
08/12/2014,0.2,7.15,
09/12/2014,0,10.7,
10/12/2014,0,10.7,
11/12/2014,0,5.2,
12/12/2014,0,6.35,
13/12/2014,0,7.4,
14/12/2014,0,9.2,
15/12/2014,0,8.55,
16/12/2014,21.8,7.45,
17/12/2014,2.2,7.5,
18/12/2014,0,8.4,
19/12/2014,0,8.3,
20/12/2014,0,13.1,
21/12/2014,0,13.6,
22/12/2014,0,10.9,
23/12/2014,0,6.1,
24/12/2014,0,4.95,
25/12/2014,0,6,
26/12/2014,0,1.6,
27/12/2014,11.7,-2.3,
28/12/2014,10.2,1.95,
29/12/2014,0.4,0.6,
30/12/2014,0.2,-3.6,
31/12/2014,0.6,-3.8,
01/01/2015,5.2,0.5,
02/01/2015,1.8,3.6,
03/01/2015,0,6.05,
04/01/2015,0.4,8.35,
05/01/2015,0,3,
06/01/2015,0,4.15,
07/01/2015,0,0.2,
08/01/2015,0,5.7,
09/01/2015,0,6.25,
10/01/2015,0,6.8,
11/01/2015,0.8,8.05,
12/01/2015,0.2,5.05,
13/01/2015,0,5.85,
14/01/2015,0,6.55,
15/01/2015,0,6.35,
16/01/2015,0,7.15,
17/01/2015,2,8.5,
18/01/2015,8.8,5.9,
19/01/2015,5.2,5.55,
20/01/2015,12,5.65,
21/01/2015,12.6,6.65,
22/01/2015,21.2,4.65,
23/01/2015,12.4,5,
24/01/2015,0.2,6.45,
25/01/2015,0,3.9,
26/01/2015,0,4.3,
27/01/2015,0,2.7,
28/01/2015,0.2,2.45,
29/01/2015,18,1.6,
30/01/2015,33.3,2.85,
31/01/2015,24,2.6,
01/02/2015,6.8,1.85,
02/02/2015,3.6,2,
03/02/2015,15.8,2.4,
04/02/2015,25.2,4.15,
05/02/2015,29.4,4.7,
06/02/2015,9.2,4.45,
07/02/2015,5,2.9,
08/02/2015,2.6,2.45,
09/02/2015,2.4,-1.45,
10/02/2015,5.2,3.15,
11/02/2015,0.2,6.2,
12/02/2015,0,5,
13/02/2015,0,4.35,
14/02/2015,0,5.35,
15/02/2015,1.4,5,
16/02/2015,0.4,7,
17/02/2015,0.2,7.55,
18/02/2015,0,5.45,
19/02/2015,0,3.9,
20/02/2015,0,5.15,
21/02/2015,3.4,4.2,
22/02/2015,34.2,7.05,
23/02/2015,13.3,8.15,
24/02/2015,14.2,6,
25/02/2015,19.2,4.95,
26/02/2015,1.2,6.8,
27/02/2015,0,5.75,
28/02/2015,0,7.35,
01/03/2015,0,6.8,
02/03/2015,5,5.1,
03/03/2015,0.2,10.6,
04/03/2015,16.2,10.2,
05/03/2015,25.4,3.4,
06/03/2015,0.4,4.45,
07/03/2015,0,2.95,
08/03/2015,0,5.9,
09/03/2015,0,6.65,
10/03/2015,0,5.05,
11/03/2015,0,7.5,
12/03/2015,2.4,4.6,
13/03/2015,0,5.7,255.956525
14/03/2015,5.8,7.1,289.5455614
15/03/2015,7.4,4.9,289.9186152
16/03/2015,8.6,7.5,290.0828956
17/03/2015,7.6,7.55,290.6887766
18/03/2015,0,8.4,285.417723
19/03/2015,0,9.75,282.2443597
20/03/2015,0,8.7,283.4899183
21/03/2015,0,7.95,283.9203937
22/03/2015,0.8,6.55,284.3272472
23/03/2015,0,9.15,284.5879713
24/03/2015,0,12.15,284.1688699
25/03/2015,37.3,10.25,282.4008892
26/03/2015,6,13.35,275.9375031
27/03/2015,10.8,12,273.9198491
28/03/2015,0,9.5,273.939755
29/03/2015,0,9.6,273.6624202
30/03/2015,0,10.6,278.0547162
31/03/2015,0,13.35,276.8946238
01/04/2015,0,12.05,275.0547686
02/04/2015,0,11,273.9272583
03/04/2015,0,9.45,273.877707
04/04/2015,12.3,7.65,273.9227575
05/04/2015,9.2,5.85,273.5561175
06/04/2015,0,5.3,273.8512721
07/04/2015,0,3.9,273.6301476
08/04/2015,0,5.8,273.4032263
09/04/2015,0,9.35,261.8903418
10/04/2015,0,10.8,277.0050769
11/04/2015,0,10.45,276.7164202
12/04/2015,0,11.7,276.891222
13/04/2015,0,13.75,276.8846717
14/04/2015,0.4,14.6,274.9528374
15/04/2015,0,15.25,273.6325181
16/04/2015,0,14.9,273.6284511
17/04/2015,0.2,14.35,273.8138785
18/04/2015,0,12.8,273.90091
19/04/2015,1.4,13.25,274.1168694
20/04/2015,0.2,11.8,274.1432099
21/04/2015,0,12.5,273.9929837
22/04/2015,0,14.6,274.1490757
23/04/2015,0,14.1,274.2687412
24/04/2015,0.2,14.9,274.1271984
25/04/2015,0.6,14.15,274.2048533
26/04/2015,0,14.95,274.2385741
27/04/2015,14,11.95,274.2566337
28/04/2015,8.2,10.2,274.1222673
29/04/2015,8.2,12.1,274.3879241
30/04/2015,18.8,11.4,274.4474021
01/05/2015,0,12.4,274.5162938
02/05/2015,0,14.5,274.5120852
03/05/2015,0,15.7,274.5641337
04/05/2015,0,19.6,274.6890818
05/05/2015,0,21.8,274.6811391
06/05/2015,0.2,22.85,274.6076082
07/05/2015,0,21.1,274.6448834
08/05/2015,0,18.9,274.7271288
09/05/2015,8.5,17.55,274.739544
10/05/2015,0,17.6,274.8317938
11/05/2015,0,17.6,274.695843
12/05/2015,0,17.2,274.8093921
13/05/2015,0,18.35,274.7552104
14/05/2015,0,17.45,274.8586989
15/05/2015,0,17.3,274.7366045
16/05/2015,9.2,15.5,274.5748902
17/05/2015,0,20.2,274.5263104
18/05/2015,0,20.75,274.6188995
19/05/2015,0,19.9,275.1666475
20/05/2015,0,18.3,274.3945231
21/05/2015,5,12,274.4671458
22/05/2015,2.8,11.7,274.3421156
23/05/2015,1.8,10.85,274.1636538
24/05/2015,2,11.3,274.0833288
25/05/2015,0,12.9,273.9533986
26/05/2015,16.8,13.85,273.7992286
27/05/2015,8.8,13.2,273.7222372
28/05/2015,0.2,13.1,273.8666574
29/05/2015,0,14.95,273.6717064
30/05/2015,0,17.05,273.6753212
31/05/2015,13.3,17.65,273.7554743
01/06/2015,2.2,18.45,273.6683519
02/06/2015,3.4,19.05,273.6685172
03/06/2015,0,20.55,273.6884255
04/06/2015,0,21.7,273.6998817
05/06/2015,0,22.45,273.6648734
06/06/2015,0,22.2,273.741792
07/06/2015,0,21.25,273.8530483
08/06/2015,2.6,20.45,273.7789352
09/06/2015,1.4,19.15,
10/06/2015,3.2,19.85,274.1147766
11/06/2015,8.8,20.75,
12/06/2015,0,20.85,
13/06/2015,0,22.25,
14/06/2015,0,20.25,
15/06/2015,0.6,17.25,
16/06/2015,0.8,19.65,
17/06/2015,15.8,17.7,
18/06/2015,0.2,16.75,274.3496109
19/06/2015,21.9,18.2,273.9063992
20/06/2015,37.5,18.2,
21/06/2015,2.6,17.15,
22/06/2015,0,17.5,
23/06/2015,0,18.5,
24/06/2015,3.6,19.8,
25/06/2015,0,19,
26/06/2015,0,18.8,
27/06/2015,0,19.3,
28/06/2015,0,21.1,
29/06/2015,0,21.1,
30/06/2015,0,22.1,
01/07/2015,0,22.45,
02/07/2015,0,23.05,
03/07/2015,0,25,
04/07/2015,0,24.5,
05/07/2015,0,24.4,
06/07/2015,0,25.15,
07/07/2015,1.4,26.2,
08/07/2015,0,24.8,
09/07/2015,0,24.45,
10/07/2015,0,24.45,
11/07/2015,0,24.05,
12/07/2015,0,24.65,
13/07/2015,0,24.5,
14/07/2015,0,24.75,
15/07/2015,1.8,27.4,
16/07/2015,0,27.3,
17/07/2015,0,27.1,
18/07/2015,0,28.35,
19/07/2015,0,27.75,
20/07/2015,0,27.25,
21/07/2015,6.7,27.35,
22/07/2015,5.6,26.45,
23/07/2015,0.4,25.05,
24/07/2015,4.2,23.95,
25/07/2015,52.1,22.85,
26/07/2015,0.2,23.3,
27/07/2015,0,22,
28/07/2015,0,23.35,
29/07/2015,0,23,
30/07/2015,0,24.15,
31/07/2015,0,25.4,
01/08/2015,0,26.1,
02/08/2015,0,25.75,
03/08/2015,9.6,25.05,
04/08/2015,0,25.4,
05/08/2015,0,26.5,
06/08/2015,0,27.25,
07/08/2015,0.8,27.4,
08/08/2015,0,27.05,
09/08/2015,6.2,25.55,
10/08/2015,5.2,22.55,
11/08/2015,22.3,20,
12/08/2015,0.2,23.6,
13/08/2015,0,25.4,
14/08/2015,1.6,25.9,
15/08/2015,0,22.8,
16/08/2015,10.6,17.45,
17/08/2015,0.2,18.5,
18/08/2015,0,19.85,
19/08/2015,12.7,18.3,
20/08/2015,0,18.9,
21/08/2015,9,19.1,
22/08/2015,4.2,19.05,
23/08/2015,0,19.8,
24/08/2015,0,20.6,
25/08/2015,0,22.4,
26/08/2015,0,21.45,
27/08/2015,0,23.25,
28/08/2015,0,23.65,
29/08/2015,0,25.25,
30/08/2015,0,26,
31/08/2015,0,25.8,
01/09/2015,0,24.45,
02/09/2015,0,23.25,
03/09/2015,0,22.15,
04/09/2015,2.7,21.9,
05/09/2015,13.8,19.45,
06/09/2015,0,17.6,
07/09/2015,0,18.35,
08/09/2015,0,18.25,
09/09/2015,0,16.25,
10/09/2015,0,17.65,
11/09/2015,4,17.5,
12/09/2015,0,18.1,
13/09/2015,0,20.25,
14/09/2015,2.2,20.4,
15/09/2015,0,22.2,
16/09/2015,0,23.2,
17/09/2015,0,25.4,
18/09/2015,0,25.95,
19/09/2015,0.4,24.45,
20/09/2015,1.2,19.45,
21/09/2015,0,19.15,
22/09/2015,0,17.35,
23/09/2015,14.6,16.65,
24/09/2015,1,15.2,
25/09/2015,0,14.75,
26/09/2015,0,14.45,
27/09/2015,0,15.4,
28/09/2015,0,14.2,
29/09/2015,0,13.9,
30/09/2015,0,13.95,227.6734397
01/10/2015,8.2,12.95,
02/10/2015,15.9,16.5,224.941935
03/10/2015,0.2,16,
04/10/2015,0,16,227.1598042
05/10/2015,3.4,16,225.6479256
06/10/2015,0.6,17.3,223.0236674
07/10/2015,5.6,16.3,
08/10/2015,0,15.4,
09/10/2015,2,14.6,
10/10/2015,34,14.5,
11/10/2015,18.1,10.9,
12/10/2015,0.2,12.95,
13/10/2015,12.8,12.65,
14/10/2015,31.2,17.2,
15/10/2015,9.3,12.65,
16/10/2015,0,12.1,
17/10/2015,1.6,12.6,
18/10/2015,0.4,11.8,
19/10/2015,15,15.95,
20/10/2015,0.2,14.15,
21/10/2015,2.2,11.8,
22/10/2015,11.4,8.5,
23/10/2015,0,10.4,
24/10/2015,0,11.95,
25/10/2015,0,13.25,
26/10/2015,0,12.65,
27/10/2015,0,14.7,
28/10/2015,6.4,12.65,
29/10/2015,11.6,13.15,
30/10/2015,10.6,10.7,
31/10/2015,0,12.95,
01/11/2015,0,12.4,
02/11/2015,0,11.75,
03/11/2015,0,13.2,
04/11/2015,0,13.85,
05/11/2015,0,14.25,
06/11/2015,0,14.2,
07/11/2015,0,14.25,
08/11/2015,0,15.3,
09/11/2015,0,15.1,
10/11/2015,0,12.1,
11/11/2015,0,14.4,
12/11/2015,0,9.6,
13/11/2015,0,11.75,
14/11/2015,0,12.1,
15/11/2015,0,11.25,
16/11/2015,0,12.05,
17/11/2015,0,11.1,
18/11/2015,0,10.8,
19/11/2015,0,10.9,
20/11/2015,1.8,9.85,
21/11/2015,35,9.4,
22/11/2015,7.2,5.6,
23/11/2015,6,5.9,
24/11/2015,0.8,7.05,
25/11/2015,0,6.2,
26/11/2015,2.8,4.95,
27/11/2015,7.2,6.5,
28/11/2015,0,5.45,
29/11/2015,0,5.7,
30/11/2015,0,6.75,
01/12/2015,0,8.9,
02/12/2015,0,9.3,
03/12/2015,0,8.35,
04/12/2015,0,7.4,
05/12/2015,0,8.2,
06/12/2015,0,8.25,
07/12/2015,0,9.3,
08/12/2015,0,9.75,
09/12/2015,0,8.8,
10/12/2015,0,7.6,
11/12/2015,0,5.75,
12/12/2015,0,6.8,
13/12/2015,0,5.85,
14/12/2015,0,5.9,
15/12/2015,0,6.3,
16/12/2015,0,7.25,
17/12/2015,0,6.65,
18/12/2015,0,7.3,
19/12/2015,0,7.5,
20/12/2015,0,8.4,
21/12/2015,0,8.15,
22/12/2015,0,7.75,
23/12/2015,0,8.35,
24/12/2015,0,6.95,
25/12/2015,0,8.15,
26/12/2015,0,9.2,
27/12/2015,0,9.3,
28/12/2015,0,10.25,
29/12/2015,0,7,
30/12/2015,0,5.2,
31/12/2015,0,3.85,
01/01/2016,0,3.8,
02/01/2016,7.4,4.6,
03/01/2016,16.3,5.4,
04/01/2016,13.6,4.85,
05/01/2016,8.6,7.65,
06/01/2016,14,4.4,
07/01/2016,0.6,4.1,
08/01/2016,1.2,8,
09/01/2016,0.2,11.25,
10/01/2016,9.6,10.85,
11/01/2016,8.1,9.75,
12/01/2016,5.1,7.3,
13/01/2016,3.6,5.45,
14/01/2016,17.6,3.1,
15/01/2016,26.8,5.9,
16/01/2016,0,3.4,
17/01/2016,0,-0.4,
18/01/2016,0,0.2,
19/01/2016,0,0.35,
20/01/2016,0,0.35,
21/01/2016,6.2,5,
22/01/2016,0,3.7,
23/01/2016,0,2.9,
24/01/2016,0,5,
25/01/2016,0,5.6,
26/01/2016,0,7.05,
27/01/2016,0,6.85,
28/01/2016,0,8.1,
29/01/2016,0,8.1,
30/01/2016,0,7.8,
31/01/2016,0.8,7.3,
01/02/2016,16,9.5,
02/02/2016,0.2,9.3,
03/02/2016,2.8,8.3,
04/02/2016,1.2,4.9,
05/02/2016,0,5.05,
06/02/2016,0,6.15,
07/02/2016,0.2,5,
08/02/2016,3.8,7.6,
09/02/2016,6.8,8.35,
10/02/2016,9.2,5.5,
11/02/2016,6.6,4.9,
12/02/2016,10.6,5.45,
13/02/2016,20.8,9.3,
14/02/2016,40.1,8,
15/02/2016,16.6,9.3,
16/02/2016,1.2,12.75,
17/02/2016,0,10.05,
18/02/2016,0.8,6.4,
19/02/2016,0.8,5.55,
20/02/2016,0.4,6,
21/02/2016,0,7.15,
22/02/2016,0,9.25,
23/02/2016,0,10.35,
24/02/2016,0,9.45,
25/02/2016,6.4,8.45,
26/02/2016,13.8,7.5,
27/02/2016,16.2,6.9,
28/02/2016,25.7,11.85,
29/02/2016,37.6,6.05,
01/03/2016,0,6.95,
02/03/2016,0,7.15,
03/03/2016,17.2,3.4,
04/03/2016,0.2,4.6,
05/03/2016,13.9,4.6,
06/03/2016,0.4,7.05,
07/03/2016,5.6,3.25,
08/03/2016,1.6,4.25,
09/03/2016,8.2,2.5,
10/03/2016,4.8,3.55,
11/03/2016,0,6.95,
12/03/2016,0.2,8.55,
13/03/2016,0,7.85,
14/03/2016,0,8.1,
15/03/2016,2,4.65,
16/03/2016,0,5.8,
17/03/2016,3.8,8.5,
18/03/2016,0.4,8.55,
19/03/2016,1.4,8.85,
20/03/2016,0,9.2,
21/03/2016,0.2,12,
22/03/2016,1.4,14.6,
23/03/2016,4.2,10.2,
24/03/2016,0.2,5.3,
25/03/2016,0,6.55,
26/03/2016,0,8.05,
27/03/2016,0,9.3,
28/03/2016,1.6,8.2,
29/03/2016,0,10.8,
30/03/2016,0,12.6,
31/03/2016,0,14.9,
01/04/2016,18,17.2,
02/04/2016,0,17.2,
03/04/2016,0,15.05,
04/04/2016,0,16.6,
05/04/2016,0,17.3,
06/04/2016,0,18.75,
07/04/2016,0.8,17.3,
08/04/2016,1.2,12.9,
09/04/2016,12.8,9.3,
10/04/2016,0.6,10.6,
11/04/2016,0,11.75,
12/04/2016,0,14.05,
13/04/2016,0,17.1,221.1757507
14/04/2016,0,14.5,221.1757507
15/04/2016,0,13,221.1757507
16/04/2016,0,14.6,
17/04/2016,0,18,
18/04/2016,0,18.25,
19/04/2016,0,14.55,221.1757507
20/04/2016,0,14.5,221.1757507
21/04/2016,0,14.05,221.1757507
22/04/2016,0,12.6,221.1757507
23/04/2016,25.8,11.05,240.5792804
24/04/2016,32.5,9.3,275.6702681
25/04/2016,15,4,275.9887048
26/04/2016,2.2,5.6,276.6314134
27/04/2016,2.8,10.7,276.1204195
28/04/2016,0,11,276.0351943
29/04/2016,0.2,13.7,275.9849944
30/04/2016,1.4,14.05,276.2298441
01/05/2016,6,11.15,276.9418741
02/05/2016,7.8,7.6,277.0451587
03/05/2016,0.2,12.95,275.6731375
04/05/2016,0,12.35,275.6340509
05/05/2016,0.6,12.45,275.8300855
06/05/2016,4,12.1,275.6085185
07/05/2016,5.4,14.3,275.6911855
08/05/2016,0,15.15,275.879104
09/05/2016,0,15.7,276.1018298
10/05/2016,0,18.05,275.9746119
11/05/2016,2.6,18.05,276.0763945
12/05/2016,13.3,14.75,276.1332902
13/05/2016,8.4,13.3,275.9379399
14/05/2016,14.5,10.6,275.994158
15/05/2016,31.9,13.45,276.2410629
16/05/2016,6.4,13.25,276.6321392
17/05/2016,15.1,9.8,276.5574008
18/05/2016,0.2,12.2,276.3624376
19/05/2016,6.6,11.75,276.5078096
20/05/2016,2.6,10.65,276.4787982
21/05/2016,0,17,276.5038126
22/05/2016,0,16.9,276.6522585
23/05/2016,0,15,276.63242
24/05/2016,0.6,12.8,278.547754
25/05/2016,0,14.8,276.8979097
26/05/2016,0,16.9,276.9522639
27/05/2016,0,20.05,275.7262533
28/05/2016,0,21.35,277.126833
29/05/2016,0,19.8,277.2510121
30/05/2016,0,15.95,277.3687139
31/05/2016,0,15.75,277.1448223
01/06/2016,0,13.85,277.1255654
02/06/2016,7.2,14.05,277.045497
03/06/2016,3.6,15.95,276.8969536
04/06/2016,13.3,16.4,277.0327085
05/06/2016,1.8,17,276.9569736
06/06/2016,4.6,17.85,276.9506957
07/06/2016,2.2,16.8,277.0819815
08/06/2016,3.2,18.5,276.9707063
09/06/2016,9.1,16.75,277.1542318
10/06/2016,1,17.3,274.7996841
11/06/2016,0,17.75,277.145346
12/06/2016,9.2,16.9,277.4690453
13/06/2016,16.2,15.3,276.8425041
14/06/2016,0,17.75,276.8709918
15/06/2016,0,17.55,
16/06/2016,0,20.1,277.1059204
17/06/2016,0,20.05,276.9935108
18/06/2016,0,19.25,277.0724309
19/06/2016,12,16.6,276.9428153
20/06/2016,0.2,15.6,277.1127232
21/06/2016,0,18.45,276.9925734
22/06/2016,0,21.25,276.9951204
23/06/2016,2.8,22.95,277.0363684
24/06/2016,0,25.25,276.9091559
25/06/2016,0,25.1,276.8998325
26/06/2016,0,23.95,276.8635076
27/06/2016,0,20.75,277.1755239
28/06/2016,0,20.4,277.018555
29/06/2016,0,21.15,276.998983
30/06/2016,6.8,22.35,276.9656608
01/07/2016,4.6,22.95,277.0872416
02/07/2016,0,23.75,277.2163325
03/07/2016,0,23.7,277.2061131
04/07/2016,0,24.05,277.033899
05/07/2016,1.4,23.7,277.2789493
06/07/2016,15,22.1,277.3454921
07/07/2016,0,23,277.3437279
08/07/2016,0,24.45,277.550972
09/07/2016,0,23.95,277.9865694
10/07/2016,15.1,24.25,278.5814214
11/07/2016,0,24.5,279.9468057
12/07/2016,0,26,281.6963671
13/07/2016,0,24.85,282.0539736
14/07/2016,0,20.55,282.3564243
15/07/2016,0.6,16.4,282.8225756
16/07/2016,0,15.9,283.0484409
17/07/2016,0,17.6,283.6464433
18/07/2016,0,21.3,283.7988291
19/07/2016,0,23.6,284.4340034
20/07/2016,0,24.9,284.8536861
21/07/2016,0,25,285.256622
22/07/2016,0,23.95,286.0645311
23/07/2016,0,25.8,286.4610258
24/07/2016,8.4,19.45,286.9831089
25/07/2016,8.4,21.5,286.8368228
26/07/2016,0.2,21.25,286.7390719
27/07/2016,16.3,22.8,287.2794151
28/07/2016,0.6,23.4,287.6775332
29/07/2016,0,22.6,288.6508026
30/07/2016,0,23.7,289.1457136
31/07/2016,0,24.6,289.4631069
01/08/2016,0,22.9,289.0679475
02/08/2016,12.7,23,291.4645194
03/08/2016,0,23,291.8707007
04/08/2016,0,24,291.8392389
05/08/2016,0,23.65,292.9908446
06/08/2016,11.7,18.25,293.8918701
07/08/2016,0,20.25,294.4546586
08/08/2016,0.2,21.2,294.5351649
09/08/2016,0,22.2,294.6945291
10/08/2016,0,21.8,295.1120512
11/08/2016,0.2,20.9,294.946034
12/08/2016,0,18.25,295.0102957
13/08/2016,0,18.8,294.8348528
14/08/2016,0,20.95,295.064108
15/08/2016,0,22.45,295.2427033
16/08/2016,0,23.1,295.2630961
17/08/2016,2.6,21.05,295.326775
18/08/2016,1.8,20.85,295.2713698
19/08/2016,0,21.1,294.7677332
20/08/2016,0,22.95,295.0479089
21/08/2016,0,23.8,295.1718293
22/08/2016,0,21.25,295.3256178
23/08/2016,0,19.65,295.1319468
24/08/2016,0,21.05,295.0209237
25/08/2016,0,21.85,294.6188372
26/08/2016,0,23.85,294.8244902
27/08/2016,0,24.15,294.6446884
28/08/2016,0,23.6,294.7649894
29/08/2016,0,22.85,294.8557078
30/08/2016,1.6,23.1,294.8770817
31/08/2016,1,20.75,292.2424907
01/09/2016,0.4,21.15,294.6554726
02/09/2016,0,22.8,294.5999651
03/09/2016,0,23.95,294.604008
04/09/2016,17.5,22.7,294.6496661
05/09/2016,1.6,19.95,294.4624094
06/09/2016,0,16.9,294.0303572
07/09/2016,30.1,15.25,294.2023417
08/09/2016,0.2,16.95,294.2041201
09/09/2016,2.4,19.3,293.2369257
10/09/2016,5.2,17.15,294.0538615
11/09/2016,3,18.35,295.5932285
12/09/2016,0,19.05,299.9394485
13/09/2016,2.4,19.95,296.099689
14/09/2016,1.4,20.3,293.5109205
15/09/2016,0,19.2,294.4812448
16/09/2016,25.5,19.4,290.7872657
17/09/2016,1.2,16.95,283.4181
18/09/2016,12.4,14.2,281.50078
19/09/2016,5.9,13.85,281.3974709
20/09/2016,0,17.15,293.8517211
21/09/2016,1.4,16.2,300.0134779
22/09/2016,4.2,16.55,300.0899728
23/09/2016,0,15.8,299.991899
24/09/2016,0,16.15,298.0875671
25/09/2016,0,16.7,298.23991
26/09/2016,0,16.85,292.8889152
27/09/2016,0,15.75,286.819351
28/09/2016,0,16.25,284.3148841
29/09/2016,0,16.55,279.3377616
30/09/2016,0,16.2,274.1090697
01/10/2016,0,16.55,269.0900348
02/10/2016,30,14.9,266.936223
03/10/2016,0.2,15.85,266.3381576
04/10/2016,5.2,15.3,268.188346
05/10/2016,2.6,13.65,268.7119371
06/10/2016,4.8,12.55,268.2069447
07/10/2016,21.6,12.15,268.0044138
08/10/2016,4.2,12.8,270.4436784
09/10/2016,2.6,14.6,273.7954125
10/10/2016,1,14.05,275.1130855
11/10/2016,9.3,11.25,291.8201791
12/10/2016,0,10.05,295.7178528
13/10/2016,0,11.45,293.8203305
14/10/2016,0,20.15,293.9163627
15/10/2016,15.5,17.6,294.0005338
16/10/2016,0,16.1,294.3756763
17/10/2016,0,15.7,294.5310809
18/10/2016,3.2,12.15,294.782203
19/10/2016,0.2,12.65,294.8405651
20/10/2016,2.4,13,294.9407111
21/10/2016,3.6,13.35,294.4893531
22/10/2016,0,12.2,294.4864549
23/10/2016,0.4,13.8,294.4642793
24/10/2016,0,17.85,294.5531709
25/10/2016,0,18.7,294.5955628
26/10/2016,3.8,17.25,294.5312681
27/10/2016,22.2,11.45,294.6022972
28/10/2016,0,11.5,294.5021826
29/10/2016,0,12.05,294.6166362
30/10/2016,0,13.8,294.6042657
31/10/2016,0,12.75,294.6192841
01/11/2016,0,11.35,294.7167377
02/11/2016,0,11.55,294.679629
03/11/2016,7.6,12.4,295.7556422
04/11/2016,0,12.75,296.6075439
05/11/2016,0.2,11.6,296.6075439
06/11/2016,57.6,13,296.6075439
07/11/2016,1.2,9.55,296.6075439
08/11/2016,20.6,8.35,
09/11/2016,3,7.3,
10/11/2016,1.8,7.55,
11/11/2016,24.4,7.3,296.6075439
12/11/2016,0.4,5.2,296.6075439
13/11/2016,0,5.95,296.6075439
14/11/2016,0.4,7.25,296.6075439
15/11/2016,0,7.75,296.6075439
16/11/2016,0,6.75,296.6075439
17/11/2016,1,9.45,296.6075439
18/11/2016,0.2,13.45,296.6075439
19/11/2016,18.7,11.3,296.6075439
20/11/2016,0,13.3,296.6075439
21/11/2016,0,12.7,296.6075439
22/11/2016,0,13.2,296.6075439
23/11/2016,0,13.2,296.6075439
24/11/2016,0.2,13,296.6075439
25/11/2016,34.4,10.45,296.6075439
26/11/2016,0.2,9.8,296.6075439
27/11/2016,0,9.55,296.6075439
28/11/2016,0,9,296.6075439
29/11/2016,0,2.1,296.6075439
30/11/2016,0,3.25,296.6075439
01/12/2016,0,5.1,296.6075439
02/12/2016,0,5.5,296.6075439
03/12/2016,0,6.8,296.6075439
04/12/2016,0,9.3,296.6075439
05/12/2016,0,8.6,296.6075439
06/12/2016,0,7.5,296.6075439
07/12/2016,0,8.05,296.6075439
08/12/2016,0,7.15,296.6075439
09/12/2016,0,8.3,296.6075439
10/12/2016,0,8.2,296.6075439
11/12/2016,0,6.35,296.6075439
12/12/2016,0,8.75,296.6075439
13/12/2016,0,6.05,296.6075439
14/12/2016,0,5.8,296.6075439
15/12/2016,0,6.85,296.6075439
16/12/2016,0,5.55,296.6075439
17/12/2016,0,4.35,296.6075439
18/12/2016,0,3.6,296.6075439
19/12/2016,5,3.6,296.6075439
20/12/2016,2,8.2,296.6075439
21/12/2016,0,9.1,296.6075439
22/12/2016,0,6.95,296.6075439
23/12/2016,0,8.65,296.6075439
24/12/2016,0,9.2,296.6075439
25/12/2016,0,6.4,296.6075439
26/12/2016,0,10.25,296.6075439
27/12/2016,0,8.9,296.6075439
28/12/2016,0,7.3,296.6075439
29/12/2016,0,2.15,296.6075439
30/12/2016,0,1.1,296.6075439
31/12/2016,0,2.5,296.6075439
01/01/2017,0,3.35,296.6075439
02/01/2017,0,3.7,296.6075439
03/01/2017,15,4.2,296.6075439
04/01/2017,0,4.35,296.6075439
05/01/2017,6.8,1.9,296.6075439
06/01/2017,0,-4.3,296.6075439
07/01/2017,2.2,-4.9,296.6075439
08/01/2017,2,-3.2,296.6075439
09/01/2017,1.4,-0.4,296.6075439
10/01/2017,0,-2,296.6075439
11/01/2017,0,-2.35,296.6075439
12/01/2017,5.8,1.05,296.6075439
13/01/2017,28.6,3.1,296.6075439
14/01/2017,0.8,0.35,296.6075439
15/01/2017,0,0.5,296.6075439
16/01/2017,0,2.45,296.6075439
17/01/2017,4.4,2.25,296.6075439
18/01/2017,10,2.45,296.6075439
19/01/2017,0,3.7,296.6075439
20/01/2017,0,3.9,296.6075439
21/01/2017,0,5.15,296.6075439
22/01/2017,0,7.15,296.6075439
23/01/2017,2.8,6.65,296.6075439
24/01/2017,0.8,4.8,296.6075439
25/01/2017,0,6.1,296.6075439
26/01/2017,0,3.3,296.6075439
27/01/2017,0,4.25,296.6075439
28/01/2017,0,5.35,296.6075439
29/01/2017,0,4.4,296.6075439
30/01/2017,0,4.55,296.6075439
31/01/2017,0,5.8,296.6075439
01/02/2017,1.4,6.8,296.6075439
02/02/2017,0,7.05,296.6075439
03/02/2017,2,8.4,296.6075439
04/02/2017,5,9.15,296.6075439
05/02/2017,15.8,8.55,296.6075439
06/02/2017,30,5.9,296.6075439
07/02/2017,3.6,6.35,296.6075439
08/02/2017,0.2,6.85,296.6075439
09/02/2017,1.2,5.55,296.6075439
10/02/2017,2.6,8.05,296.6075439
11/02/2017,0,7.85,296.6075439
12/02/2017,0,8.15,296.6075439
13/02/2017,0,8.15,296.6075439
14/02/2017,0,7.1,296.6075439
15/02/2017,0,6.95,296.6075439
16/02/2017,0,8.1,296.6075439
17/02/2017,0,7.1,296.6075439
18/02/2017,6.4,4.95,296.6075439
19/02/2017,0,5.1,296.6075439
20/02/2017,0,5.3,
21/02/2017,0,5.5,294.6357144
22/02/2017,0,6.85,293.9973594
23/02/2017,0,8.35,294.4337821
24/02/2017,3.8,8,294.8220141
25/02/2017,2.8,9.05,294.553379
26/02/2017,0,9.55,292.2914823
27/02/2017,0,9.8,291.2113498
28/02/2017,0.6,8.4,291.1961533
01/03/2017,2,8.8,288.6040936
02/03/2017,0,8.85,289.8963593
03/03/2017,0,9.55,288.7451165
04/03/2017,2.2,10,288.6375582
05/03/2017,25.7,5.85,288.6189608
06/03/2017,23.2,8.85,288.0262688
07/03/2017,10.8,5.6,287.5579163
08/03/2017,0,8.4,286.4191484
09/03/2017,0,10.55,286.6520425
10/03/2017,1.4,10.85,287.2223413
11/03/2017,0.2,7.35,286.7405164
12/03/2017,0,6.8,286.399731
13/03/2017,0,8.7,286.5646176
14/03/2017,0,8.65,286.721999
15/03/2017,0,8.25,286.8243296
16/03/2017,0,9.65,286.9755518
17/03/2017,0,11.5,287.7310898
18/03/2017,0,10.1,288.4987318
19/03/2017,0,10.3,288.6876497
20/03/2017,0,12.95,288.0903892
21/03/2017,0,13.05,287.5985477
22/03/2017,0,13.5,287.1178523
23/03/2017,0,13.1,287.096405
24/03/2017,0,14.65,287.2597449
25/03/2017,0,15.5,287.2629576
26/03/2017,2.4,12.05,287.231903
27/03/2017,8.2,7.35,228.3064201
28/03/2017,0,8.55,286.7941969
29/03/2017,0,11.55,286.2979825
30/03/2017,0,14.65,284.8807108
31/03/2017,0,15.2,286.3353148
01/04/2017,0,13.6,286.4176215
02/04/2017,5.2,11.45,286.4550274
03/04/2017,12,9.55,285.9679685
04/04/2017,2.4,11.6,286.0038407
05/04/2017,14.5,11.75,286.3253924
06/04/2017,12.4,10.7,286.4090661
07/04/2017,0,10.55,286.4779599
08/04/2017,0,12.9,
09/04/2017,0,14.3,
10/04/2017,0,14.85,
11/04/2017,5.6,14.25,286.7788145
12/04/2017,0.6,13.95,286.5581728
13/04/2017,0.2,13.75,286.7820897
14/04/2017,0,13.55,286.9291191
15/04/2017,0,13.25,287.0298257
16/04/2017,2,13.95,287.1842157
17/04/2017,1,13.45,286.9272408
18/04/2017,3,9.95,286.5719101
19/04/2017,1.4,4.75,286.3109447
20/04/2017,0,4.55,286.2038549
21/04/2017,0,5.1,286.4562949
22/04/2017,0,7.55,286.5600502
23/04/2017,0,10.7,284.8843918
24/04/2017,0,11.1,285.1916656
25/04/2017,0,12.1,285.1545672
26/04/2017,0,12.55,285.7000854
27/04/2017,10.4,12.75,285.1102184
28/04/2017,33.4,9.45,284.6511823
29/04/2017,2.4,11.6,284.4912565
30/04/2017,0,11.7,284.5599713
01/05/2017,0,11.95,284.6909107
02/05/2017,0,13.6,284.4700232
03/05/2017,3.4,13.25,284.4801366
04/05/2017,0,13.75,284.8436189
05/05/2017,0.4,15.4,284.7121872
06/05/2017,0.8,14.55,283.6812059
07/05/2017,1.6,12.6,284.9365926
08/05/2017,33.5,11.85,284.8356846
09/05/2017,25.7,11.55,284.7405973
10/05/2017,0,13.65,284.1667391
11/05/2017,0.2,16.85,282.0025983
12/05/2017,0.2,19.05,282.0004384
13/05/2017,0,17.35,282.2620847
14/05/2017,0,16.7,283.2068881
15/05/2017,16.4,17.1,283.1913106
16/05/2017,0,16.3,281.3795277
17/05/2017,0,17.6,284.6136579
18/05/2017,0,17.95,286.807341
19/05/2017,0,18.15,282.6753369
20/05/2017,15.3,14.15,283.5875968
21/05/2017,0.2,12.25,285.533332
22/05/2017,0,16.4,286.385509
23/05/2017,32.4,17.4,286.6528776
24/05/2017,0.2,17.5,286.4237583
25/05/2017,4,16.2,286.626628
26/05/2017,0,15.2,285.6512042
27/05/2017,0,16.35,286.6524543
28/05/2017,0,18.35,287.0288509
29/05/2017,0,18.15,286.0659397
30/05/2017,0,19.1,286.8284478
31/05/2017,0,19.75,286.9017084
01/06/2017,0,19.95,286.8994982
02/06/2017,0,19.05,286.8279301
03/06/2017,0,19.6,286.9073408
04/06/2017,0,20.35,286.8792179
05/06/2017,0,20.95,286.2812319
06/06/2017,2,18.3,285.5820478
07/06/2017,0,18.45,286.3643435
08/06/2017,0,19.65,286.8675473
09/06/2017,0,20.15,286.3751004
10/06/2017,0.4,21.2,286.3869403
11/06/2017,0,21.2,286.292739
12/06/2017,0,20.85,285.3902438
13/06/2017,0,22.8,285.6013106
14/06/2017,0,23.05,287.1723989
15/06/2017,0,23.45,287.7770801
16/06/2017,0,23.4,288.3820554
17/06/2017,19.6,22.05,289.0467915
18/06/2017,0,18.95,286.2061508
19/06/2017,0,19.6,289.3061664
20/06/2017,0,21.9,289.9236996
21/06/2017,0,22.4,290.5236353
22/06/2017,15.2,23.3,290.9879992
23/06/2017,0,23.1,291.287717
24/06/2017,0,23.2,291.6549225
25/06/2017,0,23.85,292.2848459
26/06/2017,1.6,23.6,292.9121432
27/06/2017,0,24.4,293.5574946
28/06/2017,0.6,23.1,292.9867285
29/06/2017,0.4,22.2,294.439253
30/06/2017,0,22.1,293.4865359
01/07/2017,0.4,19.6,295.2287558
02/07/2017,11,19.1,294.3056068
03/07/2017,0,19.1,294.4049237
04/07/2017,0,21.85,295.6234193
05/07/2017,0,24.3,295.7802416
06/07/2017,0,25.2,295.7118199
07/07/2017,0,25.9,295.8198748
08/07/2017,0,25.85,294.5402742
09/07/2017,0,26.2,294.6120884
10/07/2017,0,26.05,295.4342903
11/07/2017,0,25.55,293.061802
12/07/2017,0,26,295.5889382
13/07/2017,0,26,295.6714632
14/07/2017,31,23.85,295.5815736
15/07/2017,24.4,21.65,295.654385
16/07/2017,0.2,19.35,294.8660635
17/07/2017,0,20.2,295.3509172
18/07/2017,0,21.55,295.5021917
19/07/2017,0,23.05,295.5510162
20/07/2017,0,23.4,295.4842514
21/07/2017,0,25.3,294.6025575
22/07/2017,0,24.9,282.3087938
23/07/2017,0,24.8,295.507095
24/07/2017,0,23.95,295.5224008
25/07/2017,6.6,20.25,295.4739713
26/07/2017,1.2,19.15,295.4049869
27/07/2017,0,19.95,295.4620642
28/07/2017,0,21.65,295.6943411
29/07/2017,0,23,295.2042661
30/07/2017,0,25.2,295.2317944
31/07/2017,0.2,27.65,295.2068845
01/08/2017,0,29,295.1331078
02/08/2017,0,30.4,293.9302794
03/08/2017,0,31.1,290.9154834
04/08/2017,0,30.9,283.0075508
05/08/2017,0,30.2,279.5458599
06/08/2017,0,28.05,279.8957451
07/08/2017,0,29,279.7595772
08/08/2017,0,28.45,277.8994841
09/08/2017,0,28.95,277.0360834
10/08/2017,0,29.15,274.3462127
11/08/2017,0,21.55,267.7377837
12/08/2017,13.8,18.3,264.2501785
13/08/2017,0,20.5,262.9659385
14/08/2017,0,22.3,258.2781131
15/08/2017,0,24.45,253.5163356
16/08/2017,0,25.5,250.2996651
17/08/2017,0,26.45,243.9294081
18/08/2017,0,26.1,238.4788856
19/08/2017,0,26.2,236.29466
20/08/2017,0,24.05,235.6796515
21/08/2017,0,22.1,232.925275
22/08/2017,0,20.5,229.5237129
23/08/2017,0,21.85,226.5963731
24/08/2017,0,24.05,224.7165013
25/08/2017,0,25.6,221.4396477
26/08/2017,0,26.15,218.5505516
27/08/2017,0,27.75,216.0797671
28/08/2017,0,26.85,214.7309782
29/08/2017,0,25.55,214.7884687
30/08/2017,0,23.6,215.1568446
31/08/2017,0,24.95,215.0094137
01/09/2017,14.3,22.4,213.8891335
02/09/2017,1.6,17.4,213.1538985
03/09/2017,4.4,14.75,212.3904338
04/09/2017,0,17.05,211.4447939
05/09/2017,0,18.9,210.179778
06/09/2017,0,19.7,208.0344701
07/09/2017,0,19.05,205.6504871
08/09/2017,0,18.9,204.5712843
09/09/2017,0,18.9,203.0262324
10/09/2017,140.8,18.4,201.074759
11/09/2017,59,15.1,201.2940017
12/09/2017,0.4,17.4,226.2879877
13/09/2017,0,16.7,226.6333135
14/09/2017,0,16.3,277.0259161
15/09/2017,0,18.85,295.1912375
16/09/2017,18.5,18.6,295.3685273
17/09/2017,6.1,16.15,295.4254199
18/09/2017,0,14.7,295.3121914
19/09/2017,6.8,15.1,295.2307668
20/09/2017,0,12.3,294.7356512
21/09/2017,0,13.3,295.4362748
22/09/2017,0,14.75,295.4287785
23/09/2017,0,15.55,295.4936659
24/09/2017,0,15.1,295.6846599
25/09/2017,10.9,15.55,297.4706399
26/09/2017,0.2,14.7,300.1609827
27/09/2017,0,16.1,293.180223
28/09/2017,0,16.25,283.4949026
29/09/2017,0,15.75,276.621375
30/09/2017,0,14.7,272.0087977
01/10/2017,0.4,15.3,268.876855
02/10/2017,3.8,16.4,267.9028469
03/10/2017,0,15.75,260.1447579
04/10/2017,0,17.65,253.2624411
05/10/2017,0,17.5,247.0525727
06/10/2017,1.6,15.05,241.5658211
07/10/2017,0.2,10.25,238.459451
08/10/2017,0,10.8,238.1181244
09/10/2017,0,13.15,236.1307907
10/10/2017,8.6,15.45,233.2128962
11/10/2017,0,14.8,230.6181642
12/10/2017,0,15.45,222.6385603
13/10/2017,0,15.5,221.109459
14/10/2017,0,16.9,217.321754
15/10/2017,0,18.6,214.98615
16/10/2017,0,18.55,214.1284568
17/10/2017,0,17.95,210.6439685
18/10/2017,0,16.55,207.3730029
19/10/2017,0,15.25,206.952423
20/10/2017,0,15.6,206.6616075
21/10/2017,0,15,206.0835421
22/10/2017,8.6,13.05,205.046426
23/10/2017,0,9.5,203.7935019
24/10/2017,0.4,10.5,205.4080954
25/10/2017,0,12.95,204.3229594
26/10/2017,0,13.85,202.3476804
27/10/2017,0,13.15,205.2315404
28/10/2017,0,11.8,205.4200869
29/10/2017,0,10.4,203.7224704
30/10/2017,0,12.1,202.4208462
31/10/2017,0,11.75,201.1240064
01/11/2017,0,10.3,197.7404036
02/11/2017,0,11,194.0916033
03/11/2017,4.8,8.95,191.8933704
04/11/2017,0,12.45,190.6589389
05/11/2017,26.4,12.15,189.0161411
06/11/2017,32.5,8.9,187.7531821
07/11/2017,11.8,7.3,216.111071
08/11/2017,0.2,7.95,223.9227733
09/11/2017,0.2,9.95,221.54346
10/11/2017,0.2,11.5,217.5781139
11/11/2017,0,10.75,217.719509
12/11/2017,1.6,10.45,221.7249337
13/11/2017,22.3,6.1,225.4145992
14/11/2017,10.2,5.55,259.3897386
15/11/2017,9.6,7.75,295.1046023
16/11/2017,0.4,9.05,294.4036907
17/11/2017,0,10.6,295.9801211
18/11/2017,0,8.5,295.7582796
19/11/2017,0,7.35,295.5100706
20/11/2017,0,6.7,295.4729666
21/11/2017,0,8.05,295.5459414
22/11/2017,0,9.8,295.7672228
23/11/2017,0,9.65,295.7806701
24/11/2017,0,8.3,295.7173852
25/11/2017,1.6,10.05,295.5485176
26/11/2017,8,7.15,294.1446548
27/11/2017,0,3.45,295.1757923
28/11/2017,0,2.6,295.3606553
29/11/2017,70.7,6.45,295.3044281
30/11/2017,10,6.85,294.94456
01/12/2017,0.2,4.2,292.2808907
02/12/2017,0,3.6,289.3765766
03/12/2017,3.4,4.25,290.2921898
04/12/2017,0.2,3.55,290.513619
05/12/2017,0,4.5,290.4948093
06/12/2017,0,6.1,290.2257957
07/12/2017,0,4.5,289.1983236
08/12/2017,4.4,5.5,289.7843458
09/12/2017,10.2,2.2,289.5708477
10/12/2017,1.6,0.55,288.9780702
11/12/2017,38.8,7.05,289.0147123
12/12/2017,14,9.15,281.715168
13/12/2017,20.4,6.15,285.1038584
14/12/2017,18.2,5.1,285.3618903
15/12/2017,63.7,7.9,285.4003997
16/12/2017,3.6,4.9,283.3420542
17/12/2017,2.6,4.05,286.5973183
18/12/2017,0,1.75,287.4071353
19/12/2017,0,0.7,287.2590029
20/12/2017,0,0.7,287.3006026
21/12/2017,0,1.1,286.8537558
22/12/2017,0,4.35,286.4238177
23/12/2017,0,7.65,286.3746886
24/12/2017,0,8.2,286.3188714
25/12/2017,0,6.95,286.2877642
26/12/2017,2,5.25,286.1409696
27/12/2017,94.9,5.7,286.0215439
28/12/2017,12.6,2.6,285.2833504
29/12/2017,10,2.5,285.8690179
30/12/2017,2,3.4,286.2840679
31/12/2017,0,6.25,285.6586306
01/01/2018,5.2,6.2,285.520742
02/01/2018,5,5.25,285.433921
03/01/2018,1.2,5.3,285.4662226
04/01/2018,0.2,8.75,285.3569507
05/01/2018,0,8.3,285.1199166
06/01/2018,0,9.8,273.0413193
07/01/2018,0,11.95,283.4794891
08/01/2018,0,13.45,283.8310706
09/01/2018,8.3,10.9,283.9967967
10/01/2018,9.6,7.3,284.2730616
11/01/2018,14.6,5.1,284.4637546
12/01/2018,0.4,6.85,284.8036611
13/01/2018,0,5.25,284.9816316
14/01/2018,0,4.8,285.1529731
15/01/2018,4.6,6.6,285.409068
16/01/2018,17.8,5.6,283.9526944
17/01/2018,5.8,4.6,283.0114659
18/01/2018,0.4,3.2,282.3880703
19/01/2018,7.8,6.05,282.9912076
20/01/2018,0.2,7.7,282.0988631
21/01/2018,1.6,7.5,282.1848494
22/01/2018,0.2,5.45,281.8416884
23/01/2018,0,7.25,282.0142623
24/01/2018,0,6.2,282.0716175
25/01/2018,0,6.35,281.6197422
26/01/2018,0,6.35,281.4174235
27/01/2018,0,7.6,281.1780577
28/01/2018,0,7.55,281.1924477
29/01/2018,0,8.35,281.2367184
30/01/2018,0,6.75,281.5212508
31/01/2018,0,5.85,281.6421359
01/02/2018,22.4,5.9,282.0379488
02/02/2018,35.5,8.1,282.4608154
03/02/2018,36.6,4.7,282.4608154
04/02/2018,5,3.35,
05/02/2018,0,5.55,
06/02/2018,32.6,5.25,
07/02/2018,30.9,4.15,
08/02/2018,0.2,3.95,
09/02/2018,0,4.95,
10/02/2018,0,4.75,
11/02/2018,0,3.95,
12/02/2018,3.8,2.35,
13/02/2018,1,3.75,
14/02/2018,0.2,-0.3,
15/02/2018,0,2.15,
16/02/2018,0,5.25,
17/02/2018,0,6.35,
18/02/2018,13.6,5.55,
19/02/2018,6,6.05,
20/02/2018,3,4.5,286.5629405
21/02/2018,0,4,287.4811412
22/02/2018,14.2,3.25,288.00177
23/02/2018,7.8,6.85,
24/02/2018,32.4,5.9,
25/02/2018,0,4.5,
26/02/2018,0.4,-2.55,
27/02/2018,10.6,-3.3,
28/02/2018,11,-2.35,
01/03/2018,4,3.4,
02/03/2018,7,7.85,
03/03/2018,24.3,5.3,
04/03/2018,7,7.7,
05/03/2018,21.4,7.25,
06/03/2018,52.2,5.05,
07/03/2018,27.6,5.7,
08/03/2018,0,7,
09/03/2018,0,8.55,
10/03/2018,0,8.15,
11/03/2018,11.2,11.85,
12/03/2018,12,7.9,
13/03/2018,7.5,8.1,
14/03/2018,0,7.95,
15/03/2018,5.6,7.15,
16/03/2018,14.8,9.8,
17/03/2018,21,8.5,
18/03/2018,22,5.8,
19/03/2018,13,3.95,
20/03/2018,16.6,5.65,
21/03/2018,17.4,6.1,
22/03/2018,0,3.45,
23/03/2018,0,1.9,
24/03/2018,0,3.95,227.4667518
25/03/2018,0,5.95,227.221854
26/03/2018,2.6,6.3,227.0872604
27/03/2018,0.4,7,226.9583731
28/03/2018,0,8.35,226.9437994
29/03/2018,0,11.1,226.9517404
30/03/2018,0,11.65,226.9449711
31/03/2018,16.8,6.95,226.9411158
01/04/2018,2.2,6.75,226.9487474
02/04/2018,0.2,8.75,226.991171
03/04/2018,0,11.3,226.9570889
04/04/2018,0,12.65,226.9875143
05/04/2018,1.6,11.5,226.9754304
06/04/2018,0.2,12.65,227.0368141
07/04/2018,0,12.7,
08/04/2018,0,15.85,
09/04/2018,13,11.55,
10/04/2018,0,11.55,
11/04/2018,1.6,12.65,
12/04/2018,10.4,10.75,278.1584494
13/04/2018,0,11.6,277.4006471
14/04/2018,0,15.5,278.2935713
15/04/2018,0,17.15,278.4586079
16/04/2018,11.6,15.15,277.7842087
17/04/2018,3,13.2,277.2966536
18/04/2018,4.4,14.2,
19/04/2018,0,16.8,
20/04/2018,0,17.45,
21/04/2018,0,17.3,
22/04/2018,0,16.7,
23/04/2018,0.2,17.1,
24/04/2018,0,16.4,
25/04/2018,0,17.55,
26/04/2018,0,16.95,
27/04/2018,0,18.65,
28/04/2018,0,20.15,
29/04/2018,3.4,20.4,
30/04/2018,0.2,15.95,
01/05/2018,0.2,12.45,
02/05/2018,0,19.05,
03/05/2018,19.6,14.25,
04/05/2018,6.8,12.55,
05/05/2018,12,12.3,
06/05/2018,3.4,13.25,
07/05/2018,14.7,15.25,
08/05/2018,21,14.3,
09/05/2018,4,13.8,
10/05/2018,7.1,14.55,
11/05/2018,2.8,15.8,
12/05/2018,17.6,14.75,
13/05/2018,0,15.15,
14/05/2018,3.6,11.55,
15/05/2018,1.2,9.1,
16/05/2018,0,9.8,
17/05/2018,0,13.5,
18/05/2018,0,15.9,
19/05/2018,0,16.55,
20/05/2018,0,18.55,
21/05/2018,0.6,17.35,
22/05/2018,2.8,16.95,
23/05/2018,26.7,14.4,
24/05/2018,3.2,17.7,
25/05/2018,37.6,18,
26/05/2018,12.1,20.15,
27/05/2018,2,21.45,
28/05/2018,0,20.65,
29/05/2018,0,21.9,
30/05/2018,0,22.7,
31/05/2018,0,21.4,
01/06/2018,0,20.8,
02/06/2018,0,20.2,
03/06/2018,0,21.1,
04/06/2018,0,21.65,
05/06/2018,0,18.75,
06/06/2018,0,18.75,
07/06/2018,0,21.7,
08/06/2018,27.1,19.9,
09/06/2018,0.4,17.8,
10/06/2018,0,20.8,
11/06/2018,0,22.35,
12/06/2018,0,21.6,
13/06/2018,3.2,18.1,
14/06/2018,0.6,17.15,
15/06/2018,8.3,18.15,
16/06/2018,0,18.25,
17/06/2018,13.4,19.95,
18/06/2018,0.2,19.25,
19/06/2018,0,21.1,
20/06/2018,4.2,20.2,
21/06/2018,7.2,20.45,
22/06/2018,0.2,19.5,
23/06/2018,0.2,16.35,
24/06/2018,0,17.05,
25/06/2018,1,17.05,
26/06/2018,0,16.55,
27/06/2018,0,17.15,
28/06/2018,0,17.85,
29/06/2018,0.2,18.15,
30/06/2018,1.2,21.55,
01/07/2018,0,23.45,
02/07/2018,0,23.45,
03/07/2018,0,22,
04/07/2018,0,22.75,
05/07/2018,0,24.2,
06/07/2018,0.6,22.15,
07/07/2018,10.9,21.9,
08/07/2018,0.2,20.7,
09/07/2018,0,21.45,
10/07/2018,0,21.2,
11/07/2018,0,21.35,
12/07/2018,0,22.5,
13/07/2018,0,23.45,
14/07/2018,0,24.5,
15/07/2018,0,25.2,
16/07/2018,2,23.7,
17/07/2018,15,20.6,
18/07/2018,0,22.4,
19/07/2018,0,23.8,
20/07/2018,0,24.05,
21/07/2018,0,24.05,
22/07/2018,0,23.4,
23/07/2018,11.9,18.9,
24/07/2018,11.8,22.1,
25/07/2018,0.2,22.2,
26/07/2018,12.5,23.25,
27/07/2018,0.6,21.65,278.4293085
28/07/2018,0,22.75,279.6416667
29/07/2018,0,23.95,280.2187422
30/07/2018,0,25.8,
31/07/2018,0,26,
01/08/2018,0,25.9,
02/08/2018,4.7,24.6,
03/08/2018,3.2,22.05,
04/08/2018,2.8,22.75,
05/08/2018,0,23.35,
06/08/2018,0,24.55,
07/08/2018,5.4,24.6,
08/08/2018,2.3,23.85,
09/08/2018,0,23.55,
10/08/2018,0,25,
11/08/2018,0,25.3,
12/08/2018,0,24.6,
13/08/2018,0,23.7,
14/08/2018,3.8,22,
15/08/2018,7.8,18.75,
16/08/2018,0,21.25,
17/08/2018,1,21.8,
18/08/2018,3.2,21.35,
19/08/2018,5.6,22.05,
20/08/2018,1.4,22.1,
21/08/2018,0.4,23.6,
22/08/2018,0.4,22.3,
23/08/2018,11.2,22.25,288.6436626
24/08/2018,0,21.8,289.1707452
25/08/2018,0,22,289.3854819
26/08/2018,2.5,18.4,289.4997664
27/08/2018,0,18,290.2286474
28/08/2018,0,20.3,290.5462882
29/08/2018,0,22.15,291.1634912
30/08/2018,4.8,21.4,291.7572217
31/08/2018,0.2,21,292.1744983
01/09/2018,3.6,19.35,290.6908883
02/09/2018,2.4,19.65,290.9878738
03/09/2018,0,18.35,292.7731228
04/09/2018,0,18.65,293.215641
05/09/2018,0,19.9,290.7679676
06/09/2018,0,21.2,290.9155214
07/09/2018,5.8,20.45,293.5315011
08/09/2018,0,19.2,294.206511
09/09/2018,13.6,21.05,295.1757454
10/09/2018,23,20.9,296.3452164
11/09/2018,0,21.25,290.1845749
12/09/2018,0,22.5,290.5679645
13/09/2018,0,20.8,290.7044684
14/09/2018,26,20.75,290.725616
15/09/2018,0,21.6,290.8997342
16/09/2018,0,21.45,290.841512
17/09/2018,0,21.4,290.6817483
18/09/2018,1.8,21.3,290.5659398
19/09/2018,1.2,19.6,289.678396
20/09/2018,3.8,20.3,290.4383928
21/09/2018,0,20.65,291.1542531
22/09/2018,0,21.35,291.798964
23/09/2018,0,21.2,291.7829323
24/09/2018,0,20.3,290.802458
25/09/2018,0.2,15.25,290.8182888
26/09/2018,0,11.9,291.958799
27/09/2018,0,14.95,292.0140622
28/09/2018,0,16.6,292.0569577
29/09/2018,0,18.1,292.0592481
30/09/2018,0,15.9,292.2014988
01/10/2018,15.5,15,292.1374438
02/10/2018,0,14.8,289.3997014
03/10/2018,0,16.65,292.0609505
04/10/2018,0,19.45,292.1424026
05/10/2018,0,18.3,291.6645628
06/10/2018,31.1,14.7,290.1787921
07/10/2018,0.6,15.4,288.3864409
08/10/2018,0.2,16.6,289.9196703
09/10/2018,0.6,17.3,288.8812605
10/10/2018,1.4,17.05,288.4138675
11/10/2018,0.2,16.85,289.8398773
12/10/2018,0,16.85,289.8329448
13/10/2018,0,16.3,289.7034704
14/10/2018,0,16.55,288.7459505
15/10/2018,1.2,15.8,289.7706394
16/10/2018,0,17.8,290.1523753
17/10/2018,0,18.3,290.2444774
18/10/2018,0,18.2,290.0982951
19/10/2018,0,16.75,289.9936499
20/10/2018,0,17.6,290.0938717
21/10/2018,27,13.65,289.0315952
22/10/2018,15.4,9.7,288.9345757
23/10/2018,0,13.15,288.1070375
24/10/2018,0,13.55,288.8226
25/10/2018,0,15.3,288.7266617
26/10/2018,0,15.15,288.6026569
27/10/2018,69.6,13.2,288.2212835
28/10/2018,120.6,14.2,286.2523344
29/10/2018,98.5,13.75,284.2723607
30/10/2018,2,10.1,
31/10/2018,0,11.7,
01/11/2018,32.7,13.75,285.1650369
02/11/2018,38.2,12.6,284.8860213
03/11/2018,0.4,16.75,280.6134124
04/11/2018,14.1,13.7,280.1491262
05/11/2018,8.4,11.4,277.7575537
06/11/2018,0.2,13.2,279.6956119
07/11/2018,8.6,10.7,278.3616957
08/11/2018,0.2,10.75,277.7039683
09/11/2018,0,11.5,277.7286581
10/11/2018,0,11.65,279.4017358
11/11/2018,0,12.2,281.2684011
12/11/2018,0,13.05,285.3936828
13/11/2018,0,12.5,286.0353628
14/11/2018,0,13.05,287.2270905
15/11/2018,0,11.55,212.3341951
16/11/2018,0,10.45,222.3361198
17/11/2018,0,7.9,256.3078433
18/11/2018,0,7.55,280.8496179
19/11/2018,47.4,6,281.020619
20/11/2018,71.6,11.5,279.9291829
21/11/2018,0.2,10.05,274.4365436
22/11/2018,1,10.1,274.3934899
23/11/2018,0,9.85,274.4882009
24/11/2018,26.9,10.35,274.2702618
25/11/2018,46.3,10.15,274.315291
26/11/2018,7.4,6.85,275.5901356
27/11/2018,8.4,7.2,274.9544491
28/11/2018,0,6.3,275.6707627
29/11/2018,0,6.55,275.6143381
30/11/2018,0,6.15,275.5680507
01/12/2018,0,8.9,275.014901
02/12/2018,0,8.2,274.8623692
03/12/2018,3.2,8,274.8608014
04/12/2018,0.4,11.1,274.696989
05/12/2018,0,9.55,274.7892025
06/12/2018,0,8,274.9078507
07/12/2018,0,8,274.9212928
08/12/2018,8.6,6.95,274.7607475
09/12/2018,0.6,6.55,
10/12/2018,0.2,7.15,
11/12/2018,0.8,4.45,
12/12/2018,0,3.2,
13/12/2018,8.6,3.8,
14/12/2018,68.2,6.25,
15/12/2018,23.2,3.1,
16/12/2018,3,2.4,
17/12/2018,17.8,5.2,
18/12/2018,0,4.7,
19/12/2018,0,3.8,
20/12/2018,2.2,5.2,
21/12/2018,0,6.3,
22/12/2018,0,7.6,
23/12/2018,0,8.55,
24/12/2018,0,9.25,
25/12/2018,0,5.5,
26/12/2018,0,4.55,
27/12/2018,0,6.6,
28/12/2018,0,5.65,
29/12/2018,0,7,
30/12/2018,0,6.25,
31/12/2018,0,5.1,
01/01/2019,,,
02/01/2019,,,
03/01/2019,,,
04/01/2019,,,277.0257486
05/01/2019,,,276.9671448
06/01/2019,,,277.0711894
07/01/2019,,,277.1108975
08/01/2019,,,277.150269
09/01/2019,,,276.6547051
10/01/2019,,,276.2917589
11/01/2019,,,275.9969013
12/01/2019,,,276.3491097
13/01/2019,,,276.417584
14/01/2019,,,276.5229436
15/01/2019,,,276.5495815
16/01/2019,,,276.6309016
17/01/2019,,,276.6532582
18/01/2019,,,276.7469201
19/01/2019,,,276.6610067
20/01/2019,,,276.7714305
21/01/2019,,,276.8300248
22/01/2019,,,276.959012
23/01/2019,,,276.9934996
24/01/2019,,,277.1301346
25/01/2019,,,277.1260633
26/01/2019,,,277.2322897
27/01/2019,,,277.399063
28/01/2019,,,277.2556823
29/01/2019,,,277.2380694
30/01/2019,,,277.2481661
31/01/2019,,,277.505045
01/02/2019,,,277.8600434
02/02/2019,,,277.8405954
03/02/2019,,,277.9755014
04/02/2019,,,
05/02/2019,,,
06/02/2019,,,
07/02/2019,,,234.5362251
08/02/2019,,,233.4532453
09/02/2019,,,232.5189952
10/02/2019,,,231.9818386
11/02/2019,,,231.6339997
12/02/2019,,,231.0685938
13/02/2019,,,230.5653634
14/02/2019,,,230.2614149
15/02/2019,,,230.0412253
16/02/2019,,,229.6978455
17/02/2019,,,229.4304799
18/02/2019,,,229.1689716
19/02/2019,,,228.9840465
20/02/2019,,,228.7469506
21/02/2019,,,228.4264808
22/02/2019,,,228.2019739
23/02/2019,,,228.0308271
24/02/2019,,,227.8656061
25/02/2019,,,227.6488423
26/02/2019,,,227.3055972
27/02/2019,,,227.1206996
28/02/2019,,,226.9553343
01/03/2019,,,226.7897831
02/03/2019,,,226.7431876
03/03/2019,,,226.6133087
04/03/2019,,,226.3453994
05/03/2019,,,226.1022417
06/03/2019,,,225.8225481
07/03/2019,,,225.2750579
08/03/2019,,,225.0110249
09/03/2019,,,224.6774648
10/03/2019,,,224.3356999
11/03/2019,,,224.0783777
12/03/2019,,,223.906568
13/03/2019,,,
14/03/2019,,,
15/03/2019,,,
16/03/2019,,,
17/03/2019,,,
18/03/2019,,,
19/03/2019,,,221.4562818
20/03/2019,,,220.9181746
21/03/2019,,,220.6916063
22/03/2019,,,220.3352369
23/03/2019,,,219.9685773
24/03/2019,,,219.6996659
25/03/2019,,,219.4123368
26/03/2019,,,219.2044832
27/03/2019,,,218.9460929
28/03/2019,,,218.5115132
29/03/2019,,,218.0700818
30/03/2019,,,217.6145844
31/03/2019,,,217.2587722
01/04/2019,,,216.9973704
02/04/2019,,,216.7665241
03/04/2019,,,216.3106844
04/04/2019,,,216.0504404
05/04/2019,,,215.9128574
06/04/2019,,,215.7514186
07/04/2019,,,215.3474944
08/04/2019,,,214.9571976
09/04/2019,,,214.5572219
10/04/2019,,,214.1653425
11/04/2019,,,213.7173812
12/04/2019,,,213.3340755
13/04/2019,,,212.9911328
14/04/2019,,,212.5707081
15/04/2019,,,212.1552285
16/04/2019,,,211.6591487
17/04/2019,,,211.175544
18/04/2019,,,210.8453488
19/04/2019,,,210.3776639
20/04/2019,,,209.772231
21/04/2019,,,209.5334872
22/04/2019,,,209.2764379
23/04/2019,,,209.058525
24/04/2019,,,208.7687181
25/04/2019,,,208.4209418
26/04/2019,,,207.9982127
27/04/2019,,,207.5246499
28/04/2019,,,207.0369841
29/04/2019,,,206.7815636
30/04/2019,,,206.5025473
01/05/2019,,,206.1291278
02/05/2019,,,205.782427
03/05/2019,,,205.2735106
04/05/2019,,,204.9866679
05/05/2019,,,205.3441941
06/05/2019,,,204.9868617
07/05/2019,,,204.4519461
08/05/2019,,,203.7647241
09/05/2019,,,203.3766699
10/05/2019,,,203.1269864
11/05/2019,,,202.8198161
12/05/2019,,,202.3992343
13/05/2019,,,202.1708545
14/05/2019,,,201.7517299
15/05/2019,,,200.3582158
16/05/2019,,,199.478009
17/05/2019,,,199.0373837
18/05/2019,,,199.2535788
19/05/2019,,,199.6632037
20/05/2019,,,199.384784
21/05/2019,,,215.9306724
22/05/2019,,,228.5286558
23/05/2019,,,227.9150445
24/05/2019,,,227.631072
25/05/2019,,,227.3644439
26/05/2019,,,226.9763354
27/05/2019,,,226.6307105
28/05/2019,,,226.4295584
29/05/2019,,,226.6768287
30/05/2019,,,226.4598283
31/05/2019,,,226.134324
01/06/2019,,,225.7901064
02/06/2019,,,225.4525837
03/06/2019,,,225.1146809
04/06/2019,,,224.7712304
05/06/2019,,,
06/06/2019,,,224.2501909
07/06/2019,,,224.0401655
08/06/2019,,,223.8422866
09/06/2019,,,223.6592545
10/06/2019,,,223.4778108
11/06/2019,,,223.3084537
12/06/2019,,,223.193085
13/06/2019,,,222.9976367
14/06/2019,,,222.8088497
15/06/2019,,,222.6448101
16/06/2019,,,222.5132278
17/06/2019,,,222.2805604
18/06/2019,,,222.034409
19/06/2019,,,216.9883076
20/06/2019,,,220.2312105
21/06/2019,,,
22/06/2019,,,219.6272763
23/06/2019,,,219.2694846
24/06/2019,,,218.8939149
25/06/2019,,,218.3753648
26/06/2019,,,217.8980813
27/06/2019,,,217.4425376
28/06/2019,,,217.0410417
29/06/2019,,,216.7306157
30/06/2019,,,216.2317958
01/07/2019,,,215.7486065
02/07/2019,,,259.3795444
03/07/2019,,,283.1456122
04/07/2019,,,281.6365519
05/07/2019,,,280.871925
06/07/2019,,,281.4149565
07/07/2019,,,282.2179512
08/07/2019,,,282.5122829
09/07/2019,,,282.7831838
10/07/2019,,,282.6695774
11/07/2019,,,282.5877552
12/07/2019,,,282.3581627
13/07/2019,,,282.2488333
14/07/2019,,,262.7276489
15/07/2019,,,282.832275
16/07/2019,,,282.2205057
17/07/2019,,,282.5926095
18/07/2019,,,283.1568614
19/07/2019,,,283.4604924
20/07/2019,,,284.166937
21/07/2019,,,285.0955835
22/07/2019,,,286.1175439
23/07/2019,,,286.4065517
24/07/2019,,,287.0088265
25/07/2019,,,287.1563964
26/07/2019,,,288.9754685
27/07/2019,,,289.3577806
28/07/2019,,,
29/07/2019,,,285.6248971
30/07/2019,,,286.2349406
31/07/2019,,,286.6263647
01/08/2019,,,286.926332
02/08/2019,,,287.0408943
03/08/2019,,,286.666641
04/08/2019,,,286.7396306
05/08/2019,,,286.8550877
06/08/2019,,,288.9780817
07/08/2019,,,293.3273171
08/08/2019,,,293.589359
09/08/2019,,,294.3825712
10/08/2019,,,294.5455988
11/08/2019,,,294.7491531
12/08/2019,,,294.9077617
13/08/2019,,,291.7044256
14/08/2019,,,290.540717
15/08/2019,,,290.5306214
16/08/2019,,,290.7301096
17/08/2019,,,290.7369383
18/08/2019,,,291.422935
19/08/2019,,,291.7649237
20/08/2019,,,292.7405675
21/08/2019,,,291.8216573
22/08/2019,,,292.2682131
23/08/2019,,,292.8533306
24/08/2019,,,293.1975166
25/08/2019,,,
26/08/2019,,,
27/08/2019,,,
28/08/2019,,,
29/08/2019,,,
30/08/2019,,,294.8336345
31/08/2019,,,294.608695
01/09/2019,,,
02/09/2019,,,
03/09/2019,,,
04/09/2019,,,
05/09/2019,,,293.7429082
06/09/2019,,,294.8794327
07/09/2019,,,295.1492158
08/09/2019,,,295.2708628
09/09/2019,,,295.3305576
10/09/2019,,,295.5909182
11/09/2019,,,295.8851878
12/09/2019,,,294.5965988
13/09/2019,,,295.8807773
14/09/2019,,,
15/09/2019,,,
16/09/2019,,,
17/09/2019,,,296.7578383
18/09/2019,,,296.649183
19/09/2019,,,296.6396541
20/09/2019,,,296.0708483
21/09/2019,,,296.5553249
22/09/2019,,,296.4682494
23/09/2019,,,296.4239591
24/09/2019,,,296.3721566
25/09/2019,,,295.8961838
26/09/2019,,,294.2134857
27/09/2019,,,282.5621517
28/09/2019,,,278.2716547
29/09/2019,,,277.8003587
30/09/2019,,,279.0255503
01/10/2019,,,271.9694063
02/10/2019,,,269.1594355
03/10/2019,,,268.1456682
04/10/2019,,,267.8026023
05/10/2019,,,266.0336642
06/10/2019,,,262.2691977
07/10/2019,,,258.1425309
08/10/2019,,,256.513475
09/10/2019,,,255.899564
10/10/2019,,,256.1448415
11/10/2019,,,253.1729529
12/10/2019,,,249.1131154
13/10/2019,,,241.7957938
14/10/2019,,,238.8043588
15/10/2019,,,237.0060462
16/10/2019,,,234.8108202
17/10/2019,,,240.360785
18/10/2019,,,239.4862657
19/10/2019,,,236.2158027
20/10/2019,,,229.1896022
21/10/2019,,,227.1296462
22/10/2019,,,225.8036799
23/10/2019,,,221.7479986
24/10/2019,,,220.8555295
25/10/2019,,,220.2689093
26/10/2019,,,220.4502776
27/10/2019,,,216.6595119
28/10/2019,,,218.2305027
29/10/2019,,,214.4603111
30/10/2019,,,213.6686235
31/10/2019,,,212.0495118
01/11/2019,,,210.8797361
02/11/2019,,,209.8828305
03/11/2019,,,209.5952529
04/11/2019,,,220.4254667
05/11/2019,,,224.9428256
06/11/2019,,,224.8042047
07/11/2019,,,224.8069178
08/11/2019,,,224.7969169
09/11/2019,,,224.791167
10/11/2019,,,224.8599805
11/11/2019,,,224.9052084
12/11/2019,,,225.0096259
13/11/2019,,,224.9616797
14/11/2019,,,224.9503773
15/11/2019,,,224.8996718
16/11/2019,,,224.9691993
17/11/2019,,,225.2527642
18/11/2019,,,225.2589049
19/11/2019,,,
20/11/2019,,,
21/11/2019,,,
22/11/2019,,,
23/11/2019,,,
24/11/2019,,,
25/11/2019,,,
26/11/2019,,,223.3837659
27/11/2019,,,222.3157566
28/11/2019,,,221.4141229
29/11/2019,,,221.3134412
30/11/2019,,,221.0378685
01/12/2019,,,220.7798978
02/12/2019,,,220.1794104
03/12/2019,,,219.3372237
04/12/2019,,,219.0130579
05/12/2019,,,218.7238131
06/12/2019,,,220.0755354
07/12/2019,,,224.1433517
08/12/2019,,,223.7450826
09/12/2019,,,223.4219907
10/12/2019,,,223.0929629
11/12/2019,,,222.7865872
12/12/2019,,,222.0803213
13/12/2019,,,221.761247
14/12/2019,,,221.9828872
15/12/2019,,,222.219668
16/12/2019,,,221.5879318
17/12/2019,,,221.4285246
18/12/2019,,,221.4237137
19/12/2019,,,221.3516595
20/12/2019,,,222.7062513
21/12/2019,,,224.5651219
22/12/2019,,,224.9582528
23/12/2019,,,225.0228883
24/12/2019,,,225.1169074
25/12/2019,,,225.1099326
26/12/2019,,,225.0915368
27/12/2019,,,224.9363656
28/12/2019,,,224.8112844
29/12/2019,,,224.5278563
30/12/2019,,,224.5171103
31/12/2019,,,224.026658
01/01/2020,,,223.0464635
02/01/2020,,,222.3858663
03/01/2020,,,223.2303993
04/01/2020,,,224.3290247
05/01/2020,,,223.9677727
06/01/2020,,,223.7396438
07/01/2020,,,223.5405675
08/01/2020,,,223.2107301
09/01/2020,,,223.5531107
10/01/2020,,,223.7595112
11/01/2020,,,223.6179103
12/01/2020,,,223.4697776
13/01/2020,,,
14/01/2020,,,
15/01/2020,,,223.1633189
16/01/2020,,,223.0455308
17/01/2020,,,222.9940238
18/01/2020,,,
19/01/2020,,,
20/01/2020,,,
21/01/2020,,,222.4286572
22/01/2020,,,222.320957
23/01/2020,,,222.3400782
24/01/2020,,,222.3113651
25/01/2020,,,222.2457959
26/01/2020,,,222.3128477
27/01/2020,,,222.1402636
28/01/2020,,,222.1390845
29/01/2020,,,222.2717708
30/01/2020,,,222.4647341
31/01/2020,,,223.0877623
01/02/2020,,,224.2310651
02/02/2020,,,224.1187828
03/02/2020,,,224.1688064
04/02/2020,,,224.0190382
05/02/2020,,,224.0658919
06/02/2020,,,224.1053007
07/02/2020,,,224.0915735
08/02/2020,,,223.9452982
09/02/2020,,,223.948835
10/02/2020,,,223.9054184
11/02/2020,,,223.7468228
12/02/2020,,,223.8611751
13/02/2020,,,223.9047863
14/02/2020,,,223.8419104
15/02/2020,,,223.8046047
16/02/2020,,,223.9018953
17/02/2020,,,223.83025
18/02/2020,,,223.9866131
19/02/2020,,,224.1918227
20/02/2020,,,211.740395
21/02/2020,,,212.2457995
22/02/2020,,,214.0361049
23/02/2020,,,215.2357485
24/02/2020,,,216.2572836
25/02/2020,,,217.1579605
26/02/2020,,,218.0014021
27/02/2020,,,220.6494587
28/02/2020,,,223.5990929
29/02/2020,,,224.1699679
01/03/2020,,,224.2353095
02/03/2020,,,224.2201556
03/03/2020,,,224.4760408
04/03/2020,,,224.6663443
05/03/2020,,,224.662687
06/03/2020,,,224.7819452
07/03/2020,,,224.7996015
08/03/2020,,,224.8145684
09/03/2020,,,224.7925575
10/03/2020,,,224.6655236
11/03/2020,,,224.6389588
12/03/2020,,,224.6447462
13/03/2020,,,224.5562011
14/03/2020,,,224.6679478
15/03/2020,,,224.6140043
16/03/2020,,,224.6031546
17/03/2020,,,224.6107011
18/03/2020,,,224.558076
19/03/2020,,,224.6496057
20/03/2020,,,224.6111657
21/03/2020,,,224.5330913
22/03/2020,,,224.5386593
23/03/2020,,,224.4291637
24/03/2020,,,224.4927359
25/03/2020,,,224.4089505
26/03/2020,,,224.4633965
27/03/2020,,,224.7343994
28/03/2020,,,224.6554505
29/03/2020,,,224.5971059
30/03/2020,,,224.5029157
31/03/2020,,,224.5423318
01/04/2020,,,224.5105342
02/04/2020,,,224.5931526
03/04/2020,,,224.5403137
04/04/2020,,,224.4438835
05/04/2020,,,224.6134032
06/04/2020,,,224.50066
07/04/2020,,,224.5207673
08/04/2020,,,224.5335447
09/04/2020,,,224.5502589
10/04/2020,,,224.5060244
11/04/2020,,,224.5881914
12/04/2020,,,224.6677315
13/04/2020,,,224.5815884
14/04/2020,,,224.646203
15/04/2020,,,224.6078495
16/04/2020,,,224.6336743
17/04/2020,,,224.6747914
18/04/2020,,,224.6582085
19/04/2020,,,224.6525003
20/04/2020,,,224.667059
21/04/2020,,,224.735337
22/04/2020,,,224.661196
23/04/2020,,,224.617596
24/04/2020,,,224.6359569
25/04/2020,,,224.5538101
26/04/2020,,,224.5392177
27/04/2020,,,224.5208704
28/04/2020,,,224.5743987
29/04/2020,,,224.6115594
30/04/2020,,,224.6599531
01/05/2020,,,224.7061048
02/05/2020,,,224.6295268
03/05/2020,,,224.6375214
04/05/2020,,,224.6268449
05/05/2020,,,224.702275
06/05/2020,,,224.8607499
07/05/2020,,,224.7929844
08/05/2020,,,224.7611864
09/05/2020,,,224.7748107
10/05/2020,,,224.7640363
11/05/2020,,,224.7221841
12/05/2020,,,224.6446891
13/05/2020,,,224.6710911
14/05/2020,,,224.522903
15/05/2020,,,224.6104493
16/05/2020,,,224.5627473
17/05/2020,,,224.4579061
18/05/2020,,,224.4890666
19/05/2020,,,224.4257715
20/05/2020,,,224.3825847
21/05/2020,,,224.3223625
22/05/2020,,,224.2295469
23/05/2020,,,224.2020345
24/05/2020,,,224.0789377
25/05/2020,,,224.1027754
26/05/2020,,,223.9999125
27/05/2020,,,223.6368025
28/05/2020,,,224.0065818
29/05/2020,,,223.9319185
30/05/2020,,,223.9570615
31/05/2020,,,223.8840037
01/06/2020,,,223.8939709
02/06/2020,,,223.8998308
03/06/2020,,,223.7992213
04/06/2020,,,223.8350338
05/06/2020,,,223.7981115
06/06/2020,,,224.347578
07/06/2020,,,224.5653131
08/06/2020,,,224.4832919
09/06/2020,,,224.399748
10/06/2020,,,224.4420299
11/06/2020,,,224.446045
12/06/2020,,,224.4229913
13/06/2020,,,224.4572536
14/06/2020,,,224.480195
15/06/2020,,,224.3954415
16/06/2020,,,224.4262549
17/06/2020,,,224.373913
18/06/2020,,,224.2318783
19/06/2020,,,224.1983273
20/06/2020,,,224.1416815
21/06/2020,,,224.1827727
22/06/2020,,,224.1703211
23/06/2020,,,224.1237806
24/06/2020,,,224.0729677
25/06/2020,,,224.0137039
26/06/2020,,,223.9191154
27/06/2020,,,223.8617874
28/06/2020,,,223.7643823
29/06/2020,,,223.7662716
30/06/2020,,,223.7526532
,,,
,,,
,,,
,,,
,,,
,,,
,,,
,,,
,,,
